,County,WeekStartDate,NewPos_All,Age 0-19_cases,Age 20-39_cases,Age 40-59_cases,Age 60-79_cases,Age 80+_cases,Positive UnkAge_cases,dtm_updated_cases,Deaths,Age 0-19_death,Age 20-39_death,Age 40-59_death,Age 60-79_death,Age 80+_death,Positive UnkAge_death,dtm_updated_death,_merge,County_hospitalization,WeekStartDate_hospitalization,Hospitalizations_hospitalization,Age 0-19_hospitalization,Age 20-39_hospitalization,Age 40-59_hospitalization,Age 60-79_hospitalization,Age 80+_hospitalization,Positive UnkAge_hospitalization,dtm_updated_hospitalization,exists
0,Adams County,2020-03-08,4.0,0.0,1.0,1.0,2.0,0.0,0.0,7/5/2020 15:36,,,,,,,,,left_only,,,,,,,,,,,left_only
1,Adams County,2020-03-15,3.0,0.0,0.0,3.0,0.0,0.0,0.0,7/5/2020 15:36,,,,,,,,,left_only,Adams County,2020-03-15,1.0,0.0,0.0,1.0,0.0,0.0,0.0,2020/07/05 15:36:42,both
2,Adams County,2020-03-22,9.0,0.0,1.0,4.0,4.0,0.0,0.0,7/5/2020 15:36,,,,,,,,,left_only,Adams County,2020-03-22,4.0,0.0,0.0,1.0,3.0,0.0,0.0,2020/07/05 15:36:42,both
3,Adams County,2020-03-29,17.0,2.0,8.0,4.0,3.0,0.0,0.0,7/5/2020 15:36,,,,,,,,,left_only,,,,,,,,,,,left_only
4,Adams County,2020-04-05,8.0,1.0,2.0,4.0,1.0,0.0,0.0,7/5/2020 15:36,,,,,,,,,left_only,Adams County,2020-04-05,1.0,0.0,0.0,1.0,0.0,0.0,0.0,2020/07/05 15:36:42,both
5,Adams County,2020-04-12,2.0,0.0,1.0,1.0,0.0,0.0,0.0,7/5/2020 15:36,,,,,,,,,left_only,,,,,,,,,,,left_only
6,Adams County,2020-04-19,4.0,0.0,4.0,0.0,0.0,0.0,0.0,7/5/2020 15:36,,,,,,,,,left_only,,,,,,,,,,,left_only
7,Adams County,2020-04-26,2.0,0.0,1.0,1.0,0.0,0.0,0.0,7/5/2020 15:36,,,,,,,,,left_only,,,,,,,,,,,left_only
8,Adams County,2020-05-03,1.0,1.0,0.0,0.0,0.0,0.0,0.0,7/5/2020 15:36,,,,,,,,,left_only,,,,,,,,,,,left_only
9,Adams County,2020-05-10,2.0,0.0,1.0,1.0,0.0,0.0,0.0,7/5/2020 15:36,,,,,,,,,left_only,,,,,,,,,,,left_only
10,Adams County,2020-05-17,5.0,0.0,1.0,4.0,0.0,0.0,0.0,7/5/2020 15:36,,,,,,,,,left_only,,,,,,,,,,,left_only
11,Adams County,2020-05-24,17.0,2.0,9.0,4.0,2.0,0.0,0.0,7/5/2020 15:36,,,,,,,,,left_only,,,,,,,,,,,left_only
12,Adams County,2020-05-31,15.0,6.0,6.0,3.0,0.0,0.0,0.0,7/5/2020 15:36,,,,,,,,,left_only,,,,,,,,,,,left_only
13,Adams County,2020-06-07,11.0,1.0,1.0,5.0,3.0,0.0,1.0,7/5/2020 15:36,,,,,,,,,left_only,Adams County,2020-06-07,1.0,0.0,0.0,1.0,0.0,0.0,0.0,2020/07/05 15:36:42,both
14,Adams County,2020-06-14,13.0,1.0,4.0,5.0,3.0,0.0,0.0,7/5/2020 15:36,,,,,,,,,left_only,Adams County,2020-06-14,1.0,0.0,0.0,1.0,0.0,0.0,0.0,2020/07/05 15:36:42,both
15,Adams County,2020-06-21,30.0,1.0,15.0,8.0,5.0,0.0,1.0,7/5/2020 15:36,,,,,,,,,left_only,Adams County,2020-06-21,1.0,0.0,0.0,0.0,1.0,0.0,0.0,2020/07/05 15:36:42,both
16,Adams County,2020-06-28,23.0,2.0,8.0,11.0,2.0,0.0,0.0,7/5/2020 15:36,,,,,,,,,left_only,,,,,,,,,,,left_only
17,Asotin County,2020-03-15,2.0,0.0,0.0,0.0,2.0,0.0,0.0,7/5/2020 15:36,1.0,0.0,0.0,0.0,1.0,0.0,0.0,2020/07/05 15:36:42,both,,,,,,,,,,,left_only
18,Asotin County,2020-03-29,2.0,0.0,0.0,2.0,0.0,0.0,0.0,7/5/2020 15:36,,,,,,,,,left_only,Asotin County,2020-03-29,1.0,0.0,0.0,0.0,1.0,0.0,0.0,2020/07/05 15:36:42,both
19,Asotin County,2020-04-05,7.0,0.0,1.0,4.0,1.0,1.0,0.0,7/5/2020 15:36,1.0,0.0,0.0,0.0,0.0,1.0,0.0,2020/07/05 15:36:42,both,,,,,,,,,,,left_only
20,Asotin County,2020-04-12,4.0,1.0,0.0,3.0,0.0,0.0,0.0,7/5/2020 15:36,,,,,,,,,left_only,,,,,,,,,,,left_only
21,Asotin County,2020-04-19,3.0,0.0,0.0,0.0,2.0,1.0,0.0,7/5/2020 15:36,,,,,,,,,left_only,,,,,,,,,,,left_only
22,Asotin County,2020-05-17,1.0,0.0,0.0,1.0,0.0,0.0,0.0,7/5/2020 15:36,,,,,,,,,left_only,,,,,,,,,,,left_only
23,Asotin County,2020-05-31,1.0,0.0,0.0,0.0,1.0,0.0,0.0,7/5/2020 15:36,,,,,,,,,left_only,,,,,,,,,,,left_only
24,Asotin County,2020-06-21,1.0,0.0,0.0,0.0,1.0,0.0,0.0,7/5/2020 15:36,,,,,,,,,left_only,,,,,,,,,,,left_only
25,Benton County,2020-02-16,1.0,0.0,1.0,0.0,0.0,0.0,0.0,7/5/2020 15:36,,,,,,,,,left_only,,,,,,,,,,,left_only
26,Benton County,2020-03-01,7.0,0.0,0.0,0.0,3.0,4.0,0.0,7/5/2020 15:36,3.0,0.0,0.0,0.0,1.0,2.0,0.0,2020/07/05 15:36:42,both,,,,,,,,,,,left_only
27,Benton County,2020-03-08,17.0,0.0,3.0,4.0,6.0,4.0,0.0,7/5/2020 15:36,4.0,0.0,0.0,0.0,3.0,1.0,0.0,2020/07/05 15:36:42,both,Benton County,2020-03-08,5.0,0.0,0.0,0.0,3.0,2.0,0.0,2020/07/05 15:36:42,both
28,Benton County,2020-03-15,57.0,2.0,14.0,16.0,10.0,14.0,1.0,7/5/2020 15:36,8.0,0.0,0.0,0.0,5.0,3.0,0.0,2020/07/05 15:36:42,both,Benton County,2020-03-15,6.0,0.0,0.0,2.0,2.0,2.0,0.0,2020/07/05 15:36:42,both
29,Benton County,2020-03-22,107.0,3.0,21.0,27.0,26.0,30.0,0.0,7/5/2020 15:36,19.0,0.0,0.0,0.0,5.0,14.0,0.0,2020/07/05 15:36:42,both,Benton County,2020-03-22,32.0,0.0,0.0,2.0,12.0,18.0,0.0,2020/07/05 15:36:42,both
30,Benton County,2020-03-29,88.0,2.0,24.0,29.0,21.0,12.0,0.0,7/5/2020 15:36,9.0,0.0,0.0,1.0,5.0,3.0,0.0,2020/07/05 15:36:42,both,Benton County,2020-03-29,17.0,0.0,2.0,1.0,9.0,5.0,0.0,2020/07/05 15:36:42,both
31,Benton County,2020-04-05,72.0,7.0,21.0,30.0,12.0,2.0,0.0,7/5/2020 15:36,2.0,0.0,0.0,0.0,0.0,2.0,0.0,2020/07/05 15:36:42,both,Benton County,2020-04-05,10.0,0.0,1.0,3.0,6.0,0.0,0.0,2020/07/05 15:36:42,both
32,Benton County,2020-04-12,66.0,3.0,30.0,22.0,9.0,2.0,0.0,7/5/2020 15:36,2.0,0.0,0.0,0.0,0.0,2.0,0.0,2020/07/05 15:36:42,both,Benton County,2020-04-12,10.0,0.0,1.0,1.0,6.0,2.0,0.0,2020/07/05 15:36:42,both
33,Benton County,2020-04-19,103.0,6.0,39.0,25.0,19.0,14.0,0.0,7/5/2020 15:36,15.0,0.0,0.0,0.0,8.0,7.0,0.0,2020/07/05 15:36:42,both,Benton County,2020-04-19,15.0,0.0,3.0,4.0,4.0,4.0,0.0,2020/07/05 15:36:42,both
34,Benton County,2020-04-26,81.0,7.0,24.0,26.0,15.0,9.0,0.0,7/5/2020 15:36,7.0,0.0,0.0,0.0,4.0,3.0,0.0,2020/07/05 15:36:42,both,Benton County,2020-04-26,13.0,0.0,1.0,0.0,7.0,5.0,0.0,2020/07/05 15:36:42,both
35,Benton County,2020-05-03,44.0,2.0,21.0,9.0,9.0,3.0,0.0,7/5/2020 15:36,2.0,0.0,0.0,0.0,2.0,0.0,0.0,2020/07/05 15:36:42,both,Benton County,2020-05-03,10.0,0.0,0.0,3.0,4.0,3.0,0.0,2020/07/05 15:36:42,both
36,Benton County,2020-05-10,67.0,4.0,32.0,24.0,6.0,1.0,0.0,7/5/2020 15:36,2.0,0.0,0.0,1.0,0.0,1.0,0.0,2020/07/05 15:36:42,both,Benton County,2020-05-10,7.0,0.0,0.0,2.0,3.0,2.0,0.0,2020/07/05 15:36:42,both
37,Benton County,2020-05-17,100.0,13.0,37.0,26.0,9.0,15.0,0.0,7/5/2020 15:36,2.0,0.0,0.0,0.0,0.0,2.0,0.0,2020/07/05 15:36:42,both,Benton County,2020-05-17,7.0,0.0,0.0,1.0,4.0,2.0,0.0,2020/07/05 15:36:42,both
38,Benton County,2020-05-24,122.0,12.0,48.0,32.0,21.0,9.0,0.0,7/5/2020 15:36,2.0,0.0,0.0,0.0,1.0,1.0,0.0,2020/07/05 15:36:42,both,Benton County,2020-05-24,17.0,0.0,3.0,4.0,6.0,4.0,0.0,2020/07/05 15:36:42,both
39,Benton County,2020-05-31,183.0,18.0,75.0,57.0,27.0,6.0,0.0,7/5/2020 15:36,1.0,0.0,0.0,0.0,1.0,0.0,0.0,2020/07/05 15:36:42,both,Benton County,2020-05-31,18.0,0.0,2.0,4.0,9.0,3.0,0.0,2020/07/05 15:36:42,both
40,Benton County,2020-06-07,255.0,31.0,118.0,76.0,24.0,6.0,0.0,7/5/2020 15:36,,,,,,,,,left_only,Benton County,2020-06-07,16.0,0.0,3.0,5.0,6.0,2.0,0.0,2020/07/05 15:36:42,both
41,Benton County,2020-06-14,261.0,30.0,97.0,78.0,34.0,22.0,0.0,7/5/2020 15:36,6.0,0.0,0.0,0.0,1.0,5.0,0.0,2020/07/05 15:36:42,both,Benton County,2020-06-14,18.0,0.0,0.0,6.0,8.0,4.0,0.0,2020/07/05 15:36:42,both
42,Benton County,2020-06-21,234.0,32.0,111.0,63.0,20.0,8.0,0.0,7/5/2020 15:36,1.0,0.0,0.0,0.0,0.0,1.0,0.0,2020/07/05 15:36:42,both,Benton County,2020-06-21,18.0,0.0,2.0,5.0,3.0,8.0,0.0,2020/07/05 15:36:42,both
43,Benton County,2020-06-28,91.0,13.0,31.0,28.0,14.0,5.0,0.0,7/5/2020 15:36,,,,,,,,,left_only,Benton County,2020-06-28,16.0,0.0,2.0,4.0,5.0,5.0,0.0,2020/07/05 15:36:42,both
44,Chelan County,2020-02-09,1.0,0.0,0.0,1.0,0.0,0.0,0.0,7/5/2020 15:36,,,,,,,,,left_only,,,,,,,,,,,left_only
45,Chelan County,2020-03-08,8.0,0.0,1.0,5.0,1.0,1.0,0.0,7/5/2020 15:36,1.0,0.0,0.0,0.0,0.0,1.0,0.0,2020/07/05 15:36:42,both,,,,,,,,,,,left_only
46,Chelan County,2020-03-15,8.0,0.0,4.0,0.0,2.0,2.0,0.0,7/5/2020 15:36,2.0,0.0,0.0,0.0,0.0,2.0,0.0,2020/07/05 15:36:42,both,Chelan County,2020-03-15,3.0,0.0,0.0,0.0,1.0,2.0,0.0,2020/07/05 15:36:42,both
47,Chelan County,2020-03-22,12.0,0.0,3.0,2.0,3.0,4.0,0.0,7/5/2020 15:36,1.0,0.0,0.0,0.0,0.0,1.0,0.0,2020/07/05 15:36:42,both,Chelan County,2020-03-22,1.0,0.0,0.0,0.0,0.0,1.0,0.0,2020/07/05 15:36:42,both
48,Chelan County,2020-03-29,24.0,1.0,7.0,6.0,9.0,1.0,0.0,7/5/2020 15:36,1.0,0.0,0.0,0.0,0.0,1.0,0.0,2020/07/05 15:36:42,both,Chelan County,2020-03-29,2.0,0.0,0.0,1.0,1.0,0.0,0.0,2020/07/05 15:36:42,both
49,Chelan County,2020-04-05,16.0,0.0,10.0,4.0,2.0,0.0,0.0,7/5/2020 15:36,,,,,,,,,left_only,Chelan County,2020-04-05,4.0,0.0,2.0,0.0,1.0,1.0,0.0,2020/07/05 15:36:42,both
50,Chelan County,2020-04-12,25.0,1.0,18.0,6.0,0.0,0.0,0.0,7/5/2020 15:36,,,,,,,,,left_only,,,,,,,,,,,left_only
51,Chelan County,2020-04-19,25.0,5.0,7.0,9.0,4.0,0.0,0.0,7/5/2020 15:36,,,,,,,,,left_only,,,,,,,,,,,left_only
52,Chelan County,2020-04-26,20.0,1.0,6.0,7.0,6.0,0.0,0.0,7/5/2020 15:36,1.0,0.0,0.0,1.0,0.0,0.0,0.0,2020/07/05 15:36:42,both,Chelan County,2020-04-26,2.0,0.0,0.0,2.0,0.0,0.0,0.0,2020/07/05 15:36:42,both
53,Chelan County,2020-05-03,25.0,6.0,11.0,7.0,1.0,0.0,0.0,7/5/2020 15:36,,,,,,,,,left_only,Chelan County,2020-05-03,1.0,0.0,0.0,1.0,0.0,0.0,0.0,2020/07/05 15:36:42,both
54,Chelan County,2020-05-10,35.0,6.0,18.0,10.0,0.0,1.0,0.0,7/5/2020 15:36,,,,,,,,,left_only,Chelan County,2020-05-10,1.0,0.0,0.0,1.0,0.0,0.0,0.0,2020/07/05 15:36:42,both
55,Chelan County,2020-05-17,43.0,5.0,16.0,19.0,3.0,0.0,0.0,7/5/2020 15:36,,,,,,,,,left_only,,,,,,,,,,,left_only
56,Chelan County,2020-05-24,19.0,4.0,8.0,5.0,2.0,0.0,0.0,7/5/2020 15:36,,,,,,,,,left_only,Chelan County,2020-05-24,3.0,0.0,0.0,3.0,0.0,0.0,0.0,2020/07/05 15:36:42,both
57,Chelan County,2020-05-31,6.0,2.0,3.0,0.0,1.0,0.0,0.0,7/5/2020 15:36,,,,,,,,,left_only,,,,,,,,,,,left_only
58,Chelan County,2020-06-07,10.0,4.0,5.0,1.0,0.0,0.0,0.0,7/5/2020 15:36,,,,,,,,,left_only,,,,,,,,,,,left_only
59,Chelan County,2020-06-14,23.0,0.0,13.0,8.0,1.0,1.0,0.0,7/5/2020 15:36,,,,,,,,,left_only,Chelan County,2020-06-14,1.0,0.0,0.0,1.0,0.0,0.0,0.0,2020/07/05 15:36:42,both
60,Chelan County,2020-06-21,55.0,5.0,23.0,21.0,4.0,2.0,0.0,7/5/2020 15:36,,,,,,,,,left_only,,,,,,,,,,,left_only
61,Chelan County,2020-06-28,48.0,7.0,22.0,16.0,3.0,0.0,0.0,7/5/2020 15:36,,,,,,,,,left_only,,,,,,,,,,,left_only
62,Clallam County,2020-03-01,2.0,0.0,0.0,0.0,2.0,0.0,0.0,7/5/2020 15:36,,,,,,,,,left_only,,,,,,,,,,,left_only
63,Clallam County,2020-03-08,5.0,0.0,0.0,2.0,3.0,0.0,0.0,7/5/2020 15:36,,,,,,,,,left_only,,,,,,,,,,,left_only
64,Clallam County,2020-03-15,3.0,0.0,2.0,0.0,1.0,0.0,0.0,7/5/2020 15:36,,,,,,,,,left_only,Clallam County,2020-03-15,1.0,0.0,0.0,0.0,1.0,0.0,0.0,2020/07/05 15:36:42,both
65,Clallam County,2020-03-29,3.0,0.0,2.0,0.0,1.0,0.0,0.0,7/5/2020 15:36,,,,,,,,,left_only,,,,,,,,,,,left_only
66,Clallam County,2020-04-05,1.0,0.0,0.0,1.0,0.0,0.0,0.0,7/5/2020 15:36,,,,,,,,,left_only,Clallam County,2020-04-05,1.0,0.0,1.0,0.0,0.0,0.0,0.0,2020/07/05 15:36:42,both
67,Clallam County,2020-04-19,4.0,0.0,3.0,0.0,0.0,1.0,0.0,7/5/2020 15:36,,,,,,,,,left_only,,,,,,,,,,,left_only
68,Clallam County,2020-04-26,1.0,0.0,1.0,0.0,0.0,0.0,0.0,7/5/2020 15:36,,,,,,,,,left_only,,,,,,,,,,,left_only
69,Clallam County,2020-05-10,4.0,2.0,0.0,2.0,0.0,0.0,0.0,7/5/2020 15:36,,,,,,,,,left_only,,,,,,,,,,,left_only
70,Clallam County,2020-05-17,2.0,2.0,0.0,0.0,0.0,0.0,0.0,7/5/2020 15:36,,,,,,,,,left_only,,,,,,,,,,,left_only
71,Clallam County,2020-05-24,2.0,0.0,1.0,0.0,0.0,1.0,0.0,7/5/2020 15:36,,,,,,,,,left_only,,,,,,,,,,,left_only
72,Clallam County,2020-05-31,1.0,0.0,0.0,1.0,0.0,0.0,0.0,7/5/2020 15:36,,,,,,,,,left_only,Clallam County,2020-05-31,1.0,0.0,0.0,0.0,0.0,1.0,0.0,2020/07/05 15:36:42,both
73,Clallam County,2020-06-07,4.0,0.0,2.0,1.0,1.0,0.0,0.0,7/5/2020 15:36,,,,,,,,,left_only,,,,,,,,,,,left_only
74,Clallam County,2020-06-14,1.0,0.0,1.0,0.0,0.0,0.0,0.0,7/5/2020 15:36,,,,,,,,,left_only,,,,,,,,,,,left_only
75,Clallam County,2020-06-21,7.0,2.0,2.0,3.0,0.0,0.0,0.0,7/5/2020 15:36,,,,,,,,,left_only,,,,,,,,,,,left_only
76,Clallam County,2020-06-28,3.0,0.0,1.0,0.0,2.0,0.0,0.0,7/5/2020 15:36,,,,,,,,,left_only,,,,,,,,,,,left_only
77,Clark County,2020-02-23,3.0,0.0,0.0,1.0,1.0,1.0,0.0,7/5/2020 15:36,2.0,0.0,0.0,0.0,1.0,1.0,0.0,2020/07/05 15:36:42,both,,,,,,,,,,,left_only
78,Clark County,2020-03-01,5.0,0.0,0.0,2.0,0.0,3.0,0.0,7/5/2020 15:36,2.0,0.0,0.0,0.0,0.0,2.0,0.0,2020/07/05 15:36:42,both,Clark County,2020-03-01,2.0,0.0,0.0,0.0,1.0,1.0,0.0,2020/07/05 15:36:42,both
79,Clark County,2020-03-08,29.0,0.0,3.0,15.0,11.0,0.0,0.0,7/5/2020 15:36,1.0,0.0,0.0,0.0,1.0,0.0,0.0,2020/07/05 15:36:42,both,Clark County,2020-03-08,1.0,0.0,0.0,0.0,0.0,1.0,0.0,2020/07/05 15:36:42,both
80,Clark County,2020-03-15,57.0,2.0,10.0,26.0,15.0,4.0,0.0,7/5/2020 15:36,2.0,0.0,0.0,0.0,0.0,2.0,0.0,2020/07/05 15:36:42,both,Clark County,2020-03-15,8.0,0.0,1.0,1.0,2.0,4.0,0.0,2020/07/05 15:36:42,both
81,Clark County,2020-03-22,66.0,0.0,21.0,25.0,18.0,2.0,0.0,7/5/2020 15:36,6.0,0.0,0.0,0.0,5.0,1.0,0.0,2020/07/05 15:36:42,both,Clark County,2020-03-22,21.0,0.0,3.0,6.0,10.0,2.0,0.0,2020/07/05 15:36:42,both
82,Clark County,2020-03-29,53.0,1.0,11.0,21.0,17.0,3.0,0.0,7/5/2020 15:36,2.0,0.0,0.0,1.0,0.0,1.0,0.0,2020/07/05 15:36:42,both,Clark County,2020-03-29,15.0,0.0,1.0,4.0,8.0,2.0,0.0,2020/07/05 15:36:42,both
83,Clark County,2020-04-05,62.0,2.0,19.0,17.0,16.0,8.0,0.0,7/5/2020 15:36,3.0,0.0,0.0,0.0,0.0,3.0,0.0,2020/07/05 15:36:42,both,Clark County,2020-04-05,16.0,0.0,0.0,3.0,7.0,6.0,0.0,2020/07/05 15:36:42,both
84,Clark County,2020-04-12,46.0,2.0,8.0,15.0,12.0,9.0,0.0,7/5/2020 15:36,5.0,0.0,0.0,0.0,1.0,4.0,0.0,2020/07/05 15:36:42,both,Clark County,2020-04-12,8.0,0.0,0.0,1.0,4.0,3.0,0.0,2020/07/05 15:36:42,both
85,Clark County,2020-04-19,22.0,3.0,3.0,7.0,1.0,8.0,0.0,7/5/2020 15:36,4.0,0.0,0.0,0.0,0.0,4.0,0.0,2020/07/05 15:36:42,both,Clark County,2020-04-19,5.0,0.0,1.0,0.0,2.0,2.0,0.0,2020/07/05 15:36:42,both
86,Clark County,2020-04-26,18.0,3.0,6.0,5.0,3.0,1.0,0.0,7/5/2020 15:36,,,,,,,,,left_only,Clark County,2020-04-26,1.0,0.0,0.0,0.0,1.0,0.0,0.0,2020/07/05 15:36:42,both
87,Clark County,2020-05-03,21.0,6.0,8.0,6.0,1.0,0.0,0.0,7/5/2020 15:36,,,,,,,,,left_only,Clark County,2020-05-03,3.0,0.0,2.0,1.0,0.0,0.0,0.0,2020/07/05 15:36:42,both
88,Clark County,2020-05-10,19.0,2.0,8.0,7.0,2.0,0.0,0.0,7/5/2020 15:36,,,,,,,,,left_only,Clark County,2020-05-10,2.0,0.0,0.0,1.0,1.0,0.0,0.0,2020/07/05 15:36:42,both
89,Clark County,2020-05-17,68.0,4.0,33.0,28.0,3.0,0.0,0.0,7/5/2020 15:36,1.0,0.0,1.0,0.0,0.0,0.0,0.0,2020/07/05 15:36:42,both,Clark County,2020-05-17,6.0,0.0,2.0,3.0,1.0,0.0,0.0,2020/07/05 15:36:42,both
90,Clark County,2020-05-24,77.0,27.0,26.0,18.0,5.0,1.0,0.0,7/5/2020 15:36,1.0,0.0,0.0,0.0,0.0,1.0,0.0,2020/07/05 15:36:42,both,Clark County,2020-05-24,3.0,0.0,1.0,1.0,0.0,1.0,0.0,2020/07/05 15:36:42,both
91,Clark County,2020-05-31,57.0,10.0,20.0,21.0,5.0,1.0,0.0,7/5/2020 15:36,,,,,,,,,left_only,Clark County,2020-05-31,1.0,0.0,1.0,0.0,0.0,0.0,0.0,2020/07/05 15:36:42,both
92,Clark County,2020-06-07,39.0,3.0,18.0,13.0,4.0,1.0,0.0,7/5/2020 15:36,1.0,0.0,0.0,0.0,0.0,1.0,0.0,2020/07/05 15:36:42,both,Clark County,2020-06-07,6.0,0.0,3.0,1.0,1.0,1.0,0.0,2020/07/05 15:36:42,both
93,Clark County,2020-06-14,61.0,10.0,30.0,14.0,6.0,1.0,0.0,7/5/2020 15:36,,,,,,,,,left_only,Clark County,2020-06-14,3.0,0.0,0.0,1.0,2.0,0.0,0.0,2020/07/05 15:36:42,both
94,Clark County,2020-06-21,150.0,12.0,79.0,44.0,14.0,1.0,0.0,7/5/2020 15:36,,,,,,,,,left_only,Clark County,2020-06-21,7.0,0.0,3.0,3.0,1.0,0.0,0.0,2020/07/05 15:36:42,both
95,Clark County,2020-06-28,69.0,7.0,32.0,19.0,11.0,0.0,0.0,7/5/2020 15:36,,,,,,,,,left_only,Clark County,2020-06-28,3.0,0.0,1.0,0.0,2.0,0.0,0.0,2020/07/05 15:36:42,both
96,Columbia County,2020-03-01,1.0,0.0,0.0,0.0,1.0,0.0,0.0,7/5/2020 15:36,,,,,,,,,left_only,,,,,,,,,,,left_only
97,Columbia County,2020-06-07,2.0,0.0,0.0,2.0,0.0,0.0,0.0,7/5/2020 15:36,,,,,,,,,left_only,,,,,,,,,,,left_only
98,Columbia County,2020-06-14,5.0,4.0,1.0,0.0,0.0,0.0,0.0,7/5/2020 15:36,,,,,,,,,left_only,,,,,,,,,,,left_only
99,Cowlitz County,2020-02-23,1.0,0.0,0.0,0.0,1.0,0.0,0.0,7/5/2020 15:36,,,,,,,,,left_only,,,,,,,,,,,left_only
100,Cowlitz County,2020-03-01,1.0,0.0,0.0,0.0,1.0,0.0,0.0,7/5/2020 15:36,,,,,,,,,left_only,,,,,,,,,,,left_only
101,Cowlitz County,2020-03-08,8.0,0.0,2.0,1.0,5.0,0.0,0.0,7/5/2020 15:36,,,,,,,,,left_only,Cowlitz County,2020-03-08,1.0,0.0,0.0,0.0,1.0,0.0,0.0,2020/07/05 15:36:42,both
102,Cowlitz County,2020-03-15,8.0,0.0,3.0,1.0,3.0,1.0,0.0,7/5/2020 15:36,,,,,,,,,left_only,Cowlitz County,2020-03-15,4.0,0.0,0.0,0.0,4.0,0.0,0.0,2020/07/05 15:36:42,both
103,Cowlitz County,2020-03-22,3.0,0.0,2.0,0.0,1.0,0.0,0.0,7/5/2020 15:36,,,,,,,,,left_only,Cowlitz County,2020-03-22,1.0,0.0,0.0,0.0,0.0,1.0,0.0,2020/07/05 15:36:42,both
104,Cowlitz County,2020-03-29,7.0,1.0,1.0,2.0,3.0,0.0,0.0,7/5/2020 15:36,,,,,,,,,left_only,Cowlitz County,2020-03-29,2.0,0.0,0.0,1.0,1.0,0.0,0.0,2020/07/05 15:36:42,both
105,Cowlitz County,2020-04-05,6.0,0.0,0.0,4.0,2.0,0.0,0.0,7/5/2020 15:36,,,,,,,,,left_only,Cowlitz County,2020-04-05,1.0,0.0,0.0,0.0,1.0,0.0,0.0,2020/07/05 15:36:42,both
106,Cowlitz County,2020-04-12,10.0,0.0,2.0,2.0,6.0,0.0,0.0,7/5/2020 15:36,,,,,,,,,left_only,Cowlitz County,2020-04-12,1.0,0.0,0.0,1.0,0.0,0.0,0.0,2020/07/05 15:36:42,both
107,Cowlitz County,2020-04-19,5.0,0.0,3.0,2.0,0.0,0.0,0.0,7/5/2020 15:36,,,,,,,,,left_only,Cowlitz County,2020-04-19,1.0,0.0,0.0,0.0,1.0,0.0,0.0,2020/07/05 15:36:42,both
108,Cowlitz County,2020-04-26,14.0,5.0,6.0,1.0,2.0,0.0,0.0,7/5/2020 15:36,,,,,,,,,left_only,,,,,,,,,,,left_only
109,Cowlitz County,2020-05-03,5.0,1.0,1.0,1.0,2.0,0.0,0.0,7/5/2020 15:36,,,,,,,,,left_only,,,,,,,,,,,left_only
110,Cowlitz County,2020-05-10,5.0,0.0,2.0,3.0,0.0,0.0,0.0,7/5/2020 15:36,,,,,,,,,left_only,,,,,,,,,,,left_only
111,Cowlitz County,2020-05-17,2.0,0.0,0.0,2.0,0.0,0.0,0.0,7/5/2020 15:36,,,,,,,,,left_only,,,,,,,,,,,left_only
112,Cowlitz County,2020-05-24,3.0,0.0,0.0,3.0,0.0,0.0,0.0,7/5/2020 15:36,,,,,,,,,left_only,,,,,,,,,,,left_only
113,Cowlitz County,2020-05-31,34.0,2.0,18.0,10.0,3.0,1.0,0.0,7/5/2020 15:36,,,,,,,,,left_only,Cowlitz County,2020-05-31,2.0,0.0,0.0,2.0,0.0,0.0,0.0,2020/07/05 15:36:42,both
114,Cowlitz County,2020-06-07,23.0,4.0,11.0,6.0,2.0,0.0,0.0,7/5/2020 15:36,,,,,,,,,left_only,Cowlitz County,2020-06-07,1.0,0.0,0.0,0.0,0.0,1.0,0.0,2020/07/05 15:36:42,both
115,Cowlitz County,2020-06-14,32.0,5.0,15.0,9.0,2.0,1.0,0.0,7/5/2020 15:36,,,,,,,,,left_only,Cowlitz County,2020-06-14,2.0,0.0,1.0,1.0,0.0,0.0,0.0,2020/07/05 15:36:42,both
116,Cowlitz County,2020-06-21,24.0,4.0,9.0,6.0,5.0,0.0,0.0,7/5/2020 15:36,,,,,,,,,left_only,Cowlitz County,2020-06-21,2.0,0.0,0.0,0.0,2.0,0.0,0.0,2020/07/05 15:36:42,both
117,Cowlitz County,2020-06-28,17.0,2.0,8.0,4.0,2.0,1.0,0.0,7/5/2020 15:36,,,,,,,,,left_only,Cowlitz County,2020-06-28,2.0,0.0,1.0,0.0,0.0,1.0,0.0,2020/07/05 15:36:42,both
118,Douglas County,2020-03-01,2.0,0.0,0.0,1.0,0.0,0.0,1.0,7/5/2020 15:36,,,,,,,,,left_only,,,,,,,,,,,left_only
119,Douglas County,2020-03-08,1.0,0.0,0.0,0.0,0.0,1.0,0.0,7/5/2020 15:36,1.0,0.0,0.0,0.0,0.0,1.0,0.0,2020/07/05 15:36:42,both,,,,,,,,,,,left_only
120,Douglas County,2020-03-15,1.0,0.0,0.0,0.0,1.0,0.0,0.0,7/5/2020 15:36,,,,,,,,,left_only,,,,,,,,,,,left_only
121,Douglas County,2020-03-22,9.0,3.0,1.0,2.0,1.0,2.0,0.0,7/5/2020 15:36,,,,,,,,,left_only,Douglas County,2020-03-22,3.0,0.0,0.0,0.0,2.0,0.0,1.0,2020/07/05 15:36:42,both
122,Douglas County,2020-03-29,8.0,1.0,6.0,1.0,0.0,0.0,0.0,7/5/2020 15:36,,,,,,,,,left_only,,,,,,,,,,,left_only
123,Douglas County,2020-04-05,8.0,0.0,4.0,1.0,2.0,1.0,0.0,7/5/2020 15:36,,,,,,,,,left_only,Douglas County,2020-04-05,1.0,0.0,1.0,0.0,0.0,0.0,0.0,2020/07/05 15:36:42,both
124,Douglas County,2020-04-12,38.0,2.0,31.0,4.0,0.0,1.0,0.0,7/5/2020 15:36,,,,,,,,,left_only,Douglas County,2020-04-12,2.0,0.0,0.0,2.0,0.0,0.0,0.0,2020/07/05 15:36:42,both
125,Douglas County,2020-04-19,13.0,0.0,6.0,5.0,2.0,0.0,0.0,7/5/2020 15:36,1.0,0.0,0.0,0.0,1.0,0.0,0.0,2020/07/05 15:36:42,both,,,,,,,,,,,left_only
126,Douglas County,2020-04-26,23.0,1.0,7.0,8.0,5.0,2.0,0.0,7/5/2020 15:36,1.0,0.0,0.0,0.0,1.0,0.0,0.0,2020/07/05 15:36:42,both,Douglas County,2020-04-26,4.0,0.0,0.0,0.0,2.0,2.0,0.0,2020/07/05 15:36:42,both
127,Douglas County,2020-05-03,20.0,3.0,10.0,7.0,0.0,0.0,0.0,7/5/2020 15:36,,,,,,,,,left_only,,,,,,,,,,,left_only
128,Douglas County,2020-05-10,21.0,2.0,6.0,9.0,4.0,0.0,0.0,7/5/2020 15:36,,,,,,,,,left_only,,,,,,,,,,,left_only
129,Douglas County,2020-05-17,23.0,4.0,5.0,12.0,2.0,0.0,0.0,7/5/2020 15:36,,,,,,,,,left_only,Douglas County,2020-05-17,1.0,0.0,0.0,1.0,0.0,0.0,0.0,2020/07/05 15:36:42,both
130,Douglas County,2020-05-24,11.0,1.0,4.0,5.0,1.0,0.0,0.0,7/5/2020 15:36,,,,,,,,,left_only,,,,,,,,,,,left_only
131,Douglas County,2020-05-31,2.0,0.0,1.0,1.0,0.0,0.0,0.0,7/5/2020 15:36,,,,,,,,,left_only,,,,,,,,,,,left_only
132,Douglas County,2020-06-07,11.0,5.0,2.0,3.0,1.0,0.0,0.0,7/5/2020 15:36,,,,,,,,,left_only,,,,,,,,,,,left_only
133,Douglas County,2020-06-14,19.0,4.0,7.0,7.0,1.0,0.0,0.0,7/5/2020 15:36,,,,,,,,,left_only,,,,,,,,,,,left_only
134,Douglas County,2020-06-21,37.0,6.0,16.0,13.0,2.0,0.0,0.0,7/5/2020 15:36,,,,,,,,,left_only,,,,,,,,,,,left_only
135,Douglas County,2020-06-28,32.0,8.0,14.0,9.0,0.0,1.0,0.0,7/5/2020 15:36,,,,,,,,,left_only,Douglas County,2020-06-28,2.0,1.0,0.0,0.0,1.0,0.0,0.0,2020/07/05 15:36:42,both
136,Franklin County,2020-02-09,1.0,0.0,0.0,1.0,0.0,0.0,0.0,7/5/2020 15:36,,,,,,,,,left_only,,,,,,,,,,,left_only
137,Franklin County,2020-02-23,1.0,0.0,0.0,0.0,1.0,0.0,0.0,7/5/2020 15:36,,,,,,,,,left_only,,,,,,,,,,,left_only
138,Franklin County,2020-03-01,2.0,0.0,1.0,0.0,1.0,0.0,0.0,7/5/2020 15:36,,,,,,,,,left_only,,,,,,,,,,,left_only
139,Franklin County,2020-03-08,5.0,0.0,1.0,3.0,1.0,0.0,0.0,7/5/2020 15:36,,,,,,,,,left_only,Franklin County,2020-03-08,1.0,0.0,1.0,0.0,0.0,0.0,0.0,2020/07/05 15:36:42,both
140,Franklin County,2020-03-15,18.0,0.0,10.0,6.0,1.0,1.0,0.0,7/5/2020 15:36,,,,,,,,,left_only,Franklin County,2020-03-15,4.0,0.0,1.0,0.0,3.0,0.0,0.0,2020/07/05 15:36:42,both
141,Franklin County,2020-03-22,48.0,1.0,10.0,27.0,10.0,0.0,0.0,7/5/2020 15:36,3.0,0.0,0.0,0.0,3.0,0.0,0.0,2020/07/05 15:36:42,both,Franklin County,2020-03-22,4.0,0.0,0.0,1.0,2.0,1.0,0.0,2020/07/05 15:36:42,both
142,Franklin County,2020-03-29,53.0,3.0,16.0,27.0,5.0,2.0,0.0,7/5/2020 15:36,2.0,0.0,0.0,1.0,0.0,1.0,0.0,2020/07/05 15:36:42,both,Franklin County,2020-03-29,2.0,0.0,0.0,1.0,0.0,1.0,0.0,2020/07/05 15:36:42,both
143,Franklin County,2020-04-05,64.0,1.0,21.0,26.0,14.0,2.0,0.0,7/5/2020 15:36,2.0,0.0,0.0,1.0,1.0,0.0,0.0,2020/07/05 15:36:42,both,Franklin County,2020-04-05,8.0,0.0,1.0,1.0,6.0,0.0,0.0,2020/07/05 15:36:42,both
144,Franklin County,2020-04-12,78.0,3.0,27.0,35.0,6.0,7.0,0.0,7/5/2020 15:36,5.0,0.0,0.0,0.0,1.0,4.0,0.0,2020/07/05 15:36:42,both,Franklin County,2020-04-12,11.0,0.0,1.0,5.0,4.0,1.0,0.0,2020/07/05 15:36:42,both
145,Franklin County,2020-04-19,79.0,3.0,21.0,33.0,15.0,5.0,2.0,7/5/2020 15:36,6.0,0.0,0.0,1.0,3.0,2.0,0.0,2020/07/05 15:36:42,both,Franklin County,2020-04-19,10.0,0.0,0.0,3.0,4.0,3.0,0.0,2020/07/05 15:36:42,both
146,Franklin County,2020-04-26,73.0,3.0,31.0,29.0,9.0,1.0,0.0,7/5/2020 15:36,3.0,0.0,0.0,0.0,2.0,1.0,0.0,2020/07/05 15:36:42,both,Franklin County,2020-04-26,6.0,0.0,1.0,2.0,2.0,1.0,0.0,2020/07/05 15:36:42,both
147,Franklin County,2020-05-03,39.0,0.0,12.0,14.0,10.0,3.0,0.0,7/5/2020 15:36,3.0,0.0,0.0,1.0,1.0,1.0,0.0,2020/07/05 15:36:42,both,Franklin County,2020-05-03,8.0,0.0,2.0,2.0,2.0,2.0,0.0,2020/07/05 15:36:42,both
148,Franklin County,2020-05-10,60.0,3.0,26.0,21.0,7.0,3.0,0.0,7/5/2020 15:36,2.0,0.0,0.0,0.0,1.0,1.0,0.0,2020/07/05 15:36:42,both,Franklin County,2020-05-10,7.0,0.0,3.0,2.0,2.0,0.0,0.0,2020/07/05 15:36:42,both
149,Franklin County,2020-05-17,94.0,14.0,39.0,31.0,10.0,0.0,0.0,7/5/2020 15:36,1.0,0.0,0.0,0.0,1.0,0.0,0.0,2020/07/05 15:36:42,both,Franklin County,2020-05-17,3.0,0.0,1.0,1.0,1.0,0.0,0.0,2020/07/05 15:36:42,both
150,Franklin County,2020-05-24,151.0,22.0,57.0,53.0,18.0,1.0,0.0,7/5/2020 15:36,,,,,,,,,left_only,Franklin County,2020-05-24,11.0,2.0,1.0,3.0,5.0,0.0,0.0,2020/07/05 15:36:42,both
151,Franklin County,2020-05-31,235.0,28.0,80.0,92.0,32.0,3.0,0.0,7/5/2020 15:36,3.0,0.0,0.0,0.0,3.0,0.0,0.0,2020/07/05 15:36:42,both,Franklin County,2020-05-31,11.0,0.0,0.0,3.0,7.0,1.0,0.0,2020/07/05 15:36:42,both
152,Franklin County,2020-06-07,245.0,32.0,105.0,77.0,29.0,2.0,0.0,7/5/2020 15:36,3.0,0.0,0.0,1.0,2.0,0.0,0.0,2020/07/05 15:36:42,both,Franklin County,2020-06-07,17.0,1.0,1.0,7.0,7.0,1.0,0.0,2020/07/05 15:36:42,both
153,Franklin County,2020-06-14,298.0,34.0,135.0,102.0,25.0,2.0,0.0,7/5/2020 15:36,,,,,,,,,left_only,Franklin County,2020-06-14,25.0,1.0,5.0,5.0,13.0,1.0,0.0,2020/07/05 15:36:42,both
154,Franklin County,2020-06-21,256.0,41.0,103.0,89.0,20.0,2.0,1.0,7/5/2020 15:36,,,,,,,,,left_only,Franklin County,2020-06-21,20.0,1.0,5.0,10.0,3.0,1.0,0.0,2020/07/05 15:36:42,both
155,Franklin County,2020-06-28,98.0,12.0,32.0,34.0,15.0,5.0,0.0,7/5/2020 15:36,,,,,,,,,left_only,Franklin County,2020-06-28,14.0,0.0,3.0,4.0,4.0,3.0,0.0,2020/07/05 15:36:42,both
156,Grant County,2020-02-16,1.0,0.0,0.0,1.0,0.0,0.0,0.0,7/5/2020 15:36,,,,,,,,,left_only,,,,,,,,,,,left_only
157,Grant County,2020-02-23,1.0,0.0,0.0,0.0,0.0,1.0,0.0,7/5/2020 15:36,1.0,0.0,0.0,0.0,0.0,1.0,0.0,2020/07/05 15:36:42,both,Grant County,2020-02-23,1.0,0.0,0.0,0.0,0.0,1.0,0.0,2020/07/05 15:36:42,both
158,Grant County,2020-03-01,4.0,0.0,1.0,0.0,3.0,0.0,0.0,7/5/2020 15:36,,,,,,,,,left_only,Grant County,2020-03-01,1.0,0.0,0.0,1.0,0.0,0.0,0.0,2020/07/05 15:36:42,both
159,Grant County,2020-03-08,36.0,4.0,12.0,13.0,7.0,0.0,0.0,7/5/2020 15:36,,,,,,,,,left_only,Grant County,2020-03-08,1.0,0.0,0.0,1.0,0.0,0.0,0.0,2020/07/05 15:36:42,both
160,Grant County,2020-03-15,33.0,1.0,8.0,15.0,9.0,0.0,0.0,7/5/2020 15:36,1.0,0.0,0.0,0.0,1.0,0.0,0.0,2020/07/05 15:36:42,both,Grant County,2020-03-15,4.0,0.0,1.0,2.0,1.0,0.0,0.0,2020/07/05 15:36:42,both
161,Grant County,2020-03-22,22.0,2.0,9.0,8.0,3.0,0.0,0.0,7/5/2020 15:36,,,,,,,,,left_only,Grant County,2020-03-22,7.0,0.0,0.0,2.0,5.0,0.0,0.0,2020/07/05 15:36:42,both
162,Grant County,2020-03-29,18.0,1.0,11.0,5.0,1.0,0.0,0.0,7/5/2020 15:36,,,,,,,,,left_only,Grant County,2020-03-29,4.0,0.0,1.0,0.0,3.0,0.0,0.0,2020/07/05 15:36:42,both
163,Grant County,2020-04-05,28.0,3.0,8.0,10.0,7.0,0.0,0.0,7/5/2020 15:36,,,,,,,,,left_only,Grant County,2020-04-05,3.0,0.0,0.0,1.0,2.0,0.0,0.0,2020/07/05 15:36:42,both
164,Grant County,2020-04-12,13.0,3.0,4.0,5.0,1.0,0.0,0.0,7/5/2020 15:36,1.0,0.0,0.0,1.0,0.0,0.0,0.0,2020/07/05 15:36:42,both,,,,,,,,,,,left_only
165,Grant County,2020-04-19,11.0,2.0,7.0,2.0,0.0,0.0,0.0,7/5/2020 15:36,,,,,,,,,left_only,,,,,,,,,,,left_only
166,Grant County,2020-04-26,15.0,1.0,12.0,2.0,0.0,0.0,0.0,7/5/2020 15:36,,,,,,,,,left_only,Grant County,2020-04-26,1.0,0.0,1.0,0.0,0.0,0.0,0.0,2020/07/05 15:36:42,both
167,Grant County,2020-05-03,4.0,0.0,0.0,3.0,1.0,0.0,0.0,7/5/2020 15:36,1.0,0.0,0.0,1.0,0.0,0.0,0.0,2020/07/05 15:36:42,both,,,,,,,,,,,left_only
168,Grant County,2020-05-10,6.0,2.0,1.0,3.0,0.0,0.0,0.0,7/5/2020 15:36,,,,,,,,,left_only,,,,,,,,,,,left_only
169,Grant County,2020-05-17,18.0,3.0,9.0,6.0,0.0,0.0,0.0,7/5/2020 15:36,,,,,,,,,left_only,Grant County,2020-05-17,1.0,0.0,0.0,1.0,0.0,0.0,0.0,2020/07/05 15:36:42,both
170,Grant County,2020-05-24,32.0,9.0,13.0,4.0,4.0,2.0,0.0,7/5/2020 15:36,1.0,0.0,0.0,0.0,0.0,1.0,0.0,2020/07/05 15:36:42,both,,,,,,,,,,,left_only
171,Grant County,2020-05-31,15.0,2.0,9.0,4.0,0.0,0.0,0.0,7/5/2020 15:36,,,,,,,,,left_only,Grant County,2020-05-31,3.0,0.0,1.0,1.0,0.0,1.0,0.0,2020/07/05 15:36:42,both
172,Grant County,2020-06-07,91.0,20.0,33.0,27.0,9.0,2.0,0.0,7/5/2020 15:36,,,,,,,,,left_only,Grant County,2020-06-07,3.0,1.0,0.0,1.0,1.0,0.0,0.0,2020/07/05 15:36:42,both
173,Grant County,2020-06-14,108.0,14.0,47.0,28.0,15.0,4.0,0.0,7/5/2020 15:36,1.0,0.0,0.0,0.0,0.0,1.0,0.0,2020/07/05 15:36:42,both,Grant County,2020-06-14,6.0,0.0,1.0,1.0,1.0,3.0,0.0,2020/07/05 15:36:42,both
174,Grant County,2020-06-21,74.0,13.0,29.0,21.0,10.0,1.0,0.0,7/5/2020 15:36,,,,,,,,,left_only,Grant County,2020-06-21,9.0,0.0,1.0,4.0,3.0,1.0,0.0,2020/07/05 15:36:42,both
175,Grant County,2020-06-28,22.0,2.0,9.0,7.0,3.0,1.0,0.0,7/5/2020 15:36,,,,,,,,,left_only,Grant County,2020-06-28,2.0,0.0,1.0,1.0,0.0,0.0,0.0,2020/07/05 15:36:42,both
176,Grays Harbor County,2020-02-16,1.0,0.0,0.0,0.0,1.0,0.0,0.0,7/5/2020 15:36,,,,,,,,,left_only,,,,,,,,,,,left_only
177,Grays Harbor County,2020-02-23,1.0,0.0,0.0,0.0,1.0,0.0,0.0,7/5/2020 15:36,,,,,,,,,left_only,,,,,,,,,,,left_only
178,Grays Harbor County,2020-03-01,1.0,0.0,0.0,0.0,1.0,0.0,0.0,7/5/2020 15:36,,,,,,,,,left_only,Grays Harbor County,2020-03-01,1.0,0.0,0.0,0.0,1.0,0.0,0.0,2020/07/05 15:36:42,both
179,Grays Harbor County,2020-03-15,1.0,0.0,0.0,1.0,0.0,0.0,0.0,7/5/2020 15:36,,,,,,,,,left_only,,,,,,,,,,,left_only
180,Grays Harbor County,2020-03-22,3.0,0.0,1.0,2.0,0.0,0.0,0.0,7/5/2020 15:36,,,,,,,,,left_only,Grays Harbor County,2020-03-22,1.0,0.0,0.0,1.0,0.0,0.0,0.0,2020/07/05 15:36:42,both
181,Grays Harbor County,2020-03-29,4.0,0.0,0.0,2.0,2.0,0.0,0.0,7/5/2020 15:36,,,,,,,,,left_only,,,,,,,,,,,left_only
182,Grays Harbor County,2020-04-05,1.0,0.0,0.0,0.0,1.0,0.0,0.0,7/5/2020 15:36,,,,,,,,,left_only,Grays Harbor County,2020-04-05,4.0,0.0,0.0,1.0,3.0,0.0,0.0,2020/07/05 15:36:42,both
183,Grays Harbor County,2020-04-26,1.0,0.0,0.0,0.0,0.0,1.0,0.0,7/5/2020 15:36,,,,,,,,,left_only,,,,,,,,,,,left_only
184,Grays Harbor County,2020-05-03,2.0,0.0,0.0,0.0,2.0,0.0,0.0,7/5/2020 15:36,,,,,,,,,left_only,,,,,,,,,,,left_only
185,Grays Harbor County,2020-05-17,2.0,1.0,1.0,0.0,0.0,0.0,0.0,7/5/2020 15:36,,,,,,,,,left_only,,,,,,,,,,,left_only
186,Grays Harbor County,2020-05-24,1.0,0.0,1.0,0.0,0.0,0.0,0.0,7/5/2020 15:36,,,,,,,,,left_only,,,,,,,,,,,left_only
187,Grays Harbor County,2020-05-31,2.0,0.0,2.0,0.0,0.0,0.0,0.0,7/5/2020 15:36,,,,,,,,,left_only,,,,,,,,,,,left_only
188,Grays Harbor County,2020-06-07,1.0,0.0,0.0,1.0,0.0,0.0,0.0,7/5/2020 15:36,,,,,,,,,left_only,,,,,,,,,,,left_only
189,Grays Harbor County,2020-06-14,3.0,1.0,0.0,0.0,2.0,0.0,0.0,7/5/2020 15:36,,,,,,,,,left_only,,,,,,,,,,,left_only
190,Grays Harbor County,2020-06-21,1.0,0.0,1.0,0.0,0.0,0.0,0.0,7/5/2020 15:36,,,,,,,,,left_only,Grays Harbor County,2020-06-21,1.0,0.0,0.0,1.0,0.0,0.0,0.0,2020/07/05 15:36:42,both
191,Grays Harbor County,2020-06-28,1.0,0.0,1.0,0.0,0.0,0.0,0.0,7/5/2020 15:36,,,,,,,,,left_only,,,,,,,,,,,left_only
192,Island County,2020-02-23,2.0,0.0,0.0,1.0,1.0,0.0,0.0,7/5/2020 15:36,,,,,,,,,left_only,,,,,,,,,,,left_only
193,Island County,2020-03-01,10.0,0.0,0.0,5.0,5.0,0.0,0.0,7/5/2020 15:36,,,,,,,,,left_only,,,,,,,,,,,left_only
194,Island County,2020-03-08,25.0,0.0,6.0,8.0,9.0,2.0,0.0,7/5/2020 15:36,1.0,0.0,0.0,0.0,0.0,1.0,0.0,2020/07/05 15:36:42,both,Island County,2020-03-08,5.0,0.0,0.0,2.0,1.0,2.0,0.0,2020/07/05 15:36:42,both
195,Island County,2020-03-15,34.0,0.0,9.0,10.0,11.0,4.0,0.0,7/5/2020 15:36,2.0,0.0,0.0,0.0,0.0,2.0,0.0,2020/07/05 15:36:42,both,Island County,2020-03-15,2.0,0.0,0.0,0.0,1.0,1.0,0.0,2020/07/05 15:36:42,both
196,Island County,2020-03-22,70.0,3.0,15.0,14.0,14.0,24.0,0.0,7/5/2020 15:36,7.0,0.0,0.0,0.0,3.0,4.0,0.0,2020/07/05 15:36:42,both,Island County,2020-03-22,6.0,0.0,0.0,0.0,2.0,4.0,0.0,2020/07/05 15:36:42,both
197,Island County,2020-03-29,22.0,0.0,2.0,8.0,8.0,4.0,0.0,7/5/2020 15:36,,,,,,,,,left_only,Island County,2020-03-29,5.0,0.0,0.0,1.0,3.0,1.0,0.0,2020/07/05 15:36:42,both
198,Island County,2020-04-05,4.0,0.0,1.0,2.0,1.0,0.0,0.0,7/5/2020 15:36,,,,,,,,,left_only,Island County,2020-04-05,1.0,0.0,0.0,1.0,0.0,0.0,0.0,2020/07/05 15:36:42,both
199,Island County,2020-04-12,1.0,0.0,1.0,0.0,0.0,0.0,0.0,7/5/2020 15:36,,,,,,,,,left_only,Island County,2020-04-12,1.0,0.0,1.0,0.0,0.0,0.0,0.0,2020/07/05 15:36:42,both
200,Island County,2020-04-19,3.0,0.0,0.0,0.0,0.0,3.0,0.0,7/5/2020 15:36,1.0,0.0,0.0,0.0,0.0,1.0,0.0,2020/07/05 15:36:42,both,,,,,,,,,,,left_only
201,Island County,2020-04-26,5.0,0.0,1.0,2.0,2.0,0.0,0.0,7/5/2020 15:36,,,,,,,,,left_only,Island County,2020-04-26,2.0,0.0,0.0,0.0,0.0,2.0,0.0,2020/07/05 15:36:42,both
202,Island County,2020-05-03,4.0,0.0,2.0,2.0,0.0,0.0,0.0,7/5/2020 15:36,1.0,0.0,0.0,1.0,0.0,0.0,0.0,2020/07/05 15:36:42,both,Island County,2020-05-03,1.0,0.0,0.0,1.0,0.0,0.0,0.0,2020/07/05 15:36:42,both
203,Island County,2020-05-10,1.0,0.0,0.0,0.0,1.0,0.0,0.0,7/5/2020 15:36,,,,,,,,,left_only,,,,,,,,,,,left_only
204,Island County,2020-05-24,1.0,0.0,0.0,1.0,0.0,0.0,0.0,7/5/2020 15:36,,,,,,,,,left_only,Island County,2020-05-24,1.0,0.0,0.0,1.0,0.0,0.0,0.0,2020/07/05 15:36:42,both
205,Island County,2020-06-07,4.0,1.0,0.0,2.0,1.0,0.0,0.0,7/5/2020 15:36,,,,,,,,,left_only,,,,,,,,,,,left_only
206,Island County,2020-06-14,4.0,0.0,2.0,0.0,2.0,0.0,0.0,7/5/2020 15:36,,,,,,,,,left_only,,,,,,,,,,,left_only
207,Island County,2020-06-21,7.0,2.0,2.0,2.0,1.0,0.0,0.0,7/5/2020 15:36,,,,,,,,,left_only,Island County,2020-06-21,1.0,0.0,0.0,0.0,1.0,0.0,0.0,2020/07/05 15:36:42,both
208,Island County,2020-06-28,1.0,0.0,0.0,0.0,1.0,0.0,0.0,7/5/2020 15:36,,,,,,,,,left_only,,,,,,,,,,,left_only
209,Jefferson County,2020-02-23,2.0,0.0,0.0,1.0,1.0,0.0,0.0,7/5/2020 15:36,,,,,,,,,left_only,,,,,,,,,,,left_only
210,Jefferson County,2020-03-01,4.0,0.0,2.0,0.0,2.0,0.0,0.0,7/5/2020 15:36,,,,,,,,,left_only,Jefferson County,2020-03-01,1.0,0.0,0.0,0.0,1.0,0.0,0.0,2020/07/05 15:36:42,both
211,Jefferson County,2020-03-08,10.0,0.0,3.0,3.0,4.0,0.0,0.0,7/5/2020 15:36,,,,,,,,,left_only,Jefferson County,2020-03-08,1.0,0.0,0.0,0.0,1.0,0.0,0.0,2020/07/05 15:36:42,both
212,Jefferson County,2020-03-15,9.0,0.0,2.0,1.0,5.0,1.0,0.0,7/5/2020 15:36,,,,,,,,,left_only,Jefferson County,2020-03-15,2.0,0.0,0.0,1.0,1.0,0.0,0.0,2020/07/05 15:36:42,both
213,Jefferson County,2020-03-22,3.0,0.0,0.0,1.0,1.0,1.0,0.0,7/5/2020 15:36,,,,,,,,,left_only,Jefferson County,2020-03-22,1.0,0.0,0.0,0.0,1.0,0.0,0.0,2020/07/05 15:36:42,both
214,Jefferson County,2020-03-29,2.0,0.0,0.0,0.0,2.0,0.0,0.0,7/5/2020 15:36,,,,,,,,,left_only,,,,,,,,,,,left_only
215,Jefferson County,2020-05-31,1.0,1.0,0.0,0.0,0.0,0.0,0.0,7/5/2020 15:36,,,,,,,,,left_only,,,,,,,,,,,left_only
216,Jefferson County,2020-06-07,1.0,0.0,0.0,0.0,1.0,0.0,0.0,7/5/2020 15:36,,,,,,,,,left_only,,,,,,,,,,,left_only
217,Jefferson County,2020-06-14,3.0,0.0,1.0,1.0,1.0,0.0,0.0,7/5/2020 15:36,,,,,,,,,left_only,Jefferson County,2020-06-14,1.0,0.0,0.0,0.0,1.0,0.0,0.0,2020/07/05 15:36:42,both
218,Jefferson County,2020-06-21,3.0,1.0,0.0,0.0,2.0,0.0,0.0,7/5/2020 15:36,,,,,,,,,left_only,Jefferson County,2020-06-21,1.0,0.0,0.0,0.0,1.0,0.0,0.0,2020/07/05 15:36:42,both
219,Jefferson County,2020-06-28,1.0,0.0,0.0,0.0,1.0,0.0,0.0,7/5/2020 15:36,,,,,,,,,left_only,,,,,,,,,,,left_only
220,King County,2020-02-02,2.0,0.0,1.0,1.0,0.0,0.0,0.0,7/5/2020 15:36,,,,,,,,,left_only,,,,,,,,,,,left_only
221,King County,2020-02-09,5.0,0.0,1.0,2.0,2.0,0.0,0.0,7/5/2020 15:36,,,,,,,,,left_only,,,,,,,,,,,left_only
222,King County,2020-02-16,46.0,1.0,8.0,11.0,20.0,6.0,0.0,7/5/2020 15:36,9.0,0.0,0.0,2.0,4.0,3.0,0.0,2020/07/05 15:36:42,both,,,,,,,,,,,left_only
223,King County,2020-02-23,115.0,2.0,17.0,31.0,45.0,20.0,0.0,7/5/2020 15:36,28.0,0.0,0.0,2.0,14.0,12.0,0.0,2020/07/05 15:36:42,both,King County,2020-02-23,31.0,0.0,1.0,8.0,13.0,9.0,0.0,2020/07/05 15:36:42,both
224,King County,2020-03-01,289.0,1.0,59.0,80.0,100.0,49.0,0.0,7/5/2020 15:36,45.0,0.0,0.0,2.0,25.0,18.0,0.0,2020/07/05 15:36:42,both,King County,2020-03-01,85.0,0.0,3.0,8.0,35.0,39.0,0.0,2020/07/05 15:36:42,both
225,King County,2020-03-08,794.0,19.0,202.0,232.0,233.0,108.0,0.0,7/5/2020 15:36,66.0,0.0,0.0,5.0,24.0,37.0,0.0,2020/07/05 15:36:42,both,King County,2020-03-08,119.0,1.0,7.0,16.0,61.0,34.0,0.0,2020/07/05 15:36:42,both
226,King County,2020-03-15,1035.0,12.0,324.0,366.0,242.0,91.0,0.0,7/5/2020 15:36,82.0,0.0,1.0,6.0,30.0,45.0,0.0,2020/07/05 15:36:42,both,King County,2020-03-15,140.0,0.0,8.0,32.0,55.0,45.0,0.0,2020/07/05 15:36:42,both
227,King County,2020-03-22,1092.0,19.0,310.0,400.0,233.0,130.0,0.0,7/5/2020 15:36,100.0,0.0,1.0,8.0,28.0,63.0,0.0,2020/07/05 15:36:42,both,King County,2020-03-22,224.0,2.0,17.0,63.0,94.0,48.0,0.0,2020/07/05 15:36:42,both
228,King County,2020-03-29,989.0,36.0,291.0,336.0,226.0,99.0,1.0,7/5/2020 15:36,71.0,0.0,1.0,7.0,24.0,39.0,0.0,2020/07/05 15:36:42,both,King County,2020-03-29,264.0,2.0,25.0,62.0,111.0,63.0,1.0,2020/07/05 15:36:42,both
229,King County,2020-04-05,802.0,33.0,213.0,281.0,186.0,88.0,1.0,7/5/2020 15:36,49.0,0.0,0.0,3.0,19.0,27.0,0.0,2020/07/05 15:36:42,both,King County,2020-04-05,193.0,1.0,19.0,56.0,75.0,42.0,0.0,2020/07/05 15:36:42,both
230,King County,2020-04-12,739.0,41.0,250.0,238.0,146.0,63.0,1.0,7/5/2020 15:36,49.0,0.0,1.0,7.0,21.0,20.0,0.0,2020/07/05 15:36:42,both,King County,2020-04-12,141.0,2.0,19.0,44.0,48.0,28.0,0.0,2020/07/05 15:36:42,both
231,King County,2020-04-19,614.0,34.0,213.0,196.0,128.0,43.0,0.0,7/5/2020 15:36,34.0,0.0,0.0,3.0,13.0,18.0,0.0,2020/07/05 15:36:42,both,King County,2020-04-19,126.0,0.0,14.0,33.0,53.0,26.0,0.0,2020/07/05 15:36:42,both
232,King County,2020-04-26,577.0,43.0,203.0,201.0,81.0,49.0,0.0,7/5/2020 15:36,27.0,0.0,0.0,2.0,9.0,16.0,0.0,2020/07/05 15:36:42,both,King County,2020-04-26,83.0,0.0,8.0,29.0,28.0,18.0,0.0,2020/07/05 15:36:42,both
233,King County,2020-05-03,418.0,41.0,157.0,119.0,64.0,37.0,0.0,7/5/2020 15:36,16.0,0.0,1.0,0.0,3.0,12.0,0.0,2020/07/05 15:36:42,both,King County,2020-05-03,67.0,0.0,12.0,16.0,23.0,16.0,0.0,2020/07/05 15:36:42,both
234,King County,2020-05-10,388.0,48.0,133.0,123.0,63.0,21.0,0.0,7/5/2020 15:36,11.0,0.0,0.0,1.0,6.0,4.0,0.0,2020/07/05 15:36:42,both,King County,2020-05-10,58.0,1.0,12.0,16.0,18.0,11.0,0.0,2020/07/05 15:36:42,both
235,King County,2020-05-17,321.0,50.0,108.0,95.0,46.0,22.0,0.0,7/5/2020 15:36,9.0,0.0,0.0,0.0,3.0,6.0,0.0,2020/07/05 15:36:42,both,King County,2020-05-17,55.0,1.0,9.0,15.0,17.0,13.0,0.0,2020/07/05 15:36:42,both
236,King County,2020-05-24,315.0,41.0,140.0,81.0,31.0,22.0,0.0,7/5/2020 15:36,8.0,0.0,0.0,1.0,4.0,3.0,0.0,2020/07/05 15:36:42,both,King County,2020-05-24,41.0,2.0,5.0,7.0,12.0,15.0,0.0,2020/07/05 15:36:42,both
237,King County,2020-05-31,259.0,39.0,109.0,69.0,34.0,7.0,1.0,7/5/2020 15:36,9.0,0.0,1.0,1.0,3.0,4.0,0.0,2020/07/05 15:36:42,both,King County,2020-05-31,32.0,2.0,6.0,7.0,12.0,5.0,0.0,2020/07/05 15:36:42,both
238,King County,2020-06-07,368.0,39.0,172.0,84.0,48.0,25.0,0.0,7/5/2020 15:36,3.0,0.0,0.0,0.0,1.0,2.0,0.0,2020/07/05 15:36:42,both,King County,2020-06-07,29.0,0.0,6.0,12.0,9.0,2.0,0.0,2020/07/05 15:36:42,both
239,King County,2020-06-14,549.0,68.0,269.0,146.0,46.0,20.0,0.0,7/5/2020 15:36,1.0,0.0,0.0,0.0,0.0,1.0,0.0,2020/07/05 15:36:42,both,King County,2020-06-14,28.0,3.0,4.0,5.0,7.0,9.0,0.0,2020/07/05 15:36:42,both
240,King County,2020-06-21,667.0,121.0,346.0,139.0,46.0,15.0,0.0,7/5/2020 15:36,1.0,0.0,0.0,0.0,0.0,1.0,0.0,2020/07/05 15:36:42,both,King County,2020-06-21,41.0,0.0,12.0,11.0,11.0,7.0,0.0,2020/07/05 15:36:42,both
241,King County,2020-06-28,557.0,123.0,324.0,81.0,22.0,7.0,0.0,7/5/2020 15:36,2.0,0.0,0.0,0.0,0.0,2.0,0.0,2020/07/05 15:36:42,both,King County,2020-06-28,20.0,0.0,5.0,6.0,5.0,4.0,0.0,2020/07/05 15:36:42,both
242,Kitsap County,2020-02-16,1.0,0.0,1.0,0.0,0.0,0.0,0.0,7/5/2020 15:36,,,,,,,,,left_only,,,,,,,,,,,left_only
243,Kitsap County,2020-02-23,1.0,0.0,0.0,0.0,1.0,0.0,0.0,7/5/2020 15:36,,,,,,,,,left_only,,,,,,,,,,,left_only
244,Kitsap County,2020-03-01,6.0,0.0,1.0,5.0,0.0,0.0,0.0,7/5/2020 15:36,,,,,,,,,left_only,Kitsap County,2020-03-01,1.0,0.0,0.0,0.0,1.0,0.0,0.0,2020/07/05 15:36:42,both
245,Kitsap County,2020-03-08,22.0,2.0,5.0,9.0,6.0,0.0,0.0,7/5/2020 15:36,,,,,,,,,left_only,Kitsap County,2020-03-08,3.0,0.0,0.0,3.0,0.0,0.0,0.0,2020/07/05 15:36:42,both
246,Kitsap County,2020-03-15,34.0,1.0,7.0,17.0,8.0,1.0,0.0,7/5/2020 15:36,,,,,,,,,left_only,Kitsap County,2020-03-15,1.0,0.0,0.0,0.0,1.0,0.0,0.0,2020/07/05 15:36:42,both
247,Kitsap County,2020-03-22,36.0,1.0,10.0,17.0,6.0,2.0,0.0,7/5/2020 15:36,1.0,0.0,0.0,0.0,0.0,1.0,0.0,2020/07/05 15:36:42,both,Kitsap County,2020-03-22,3.0,0.0,0.0,0.0,2.0,1.0,0.0,2020/07/05 15:36:42,both
248,Kitsap County,2020-03-29,27.0,1.0,11.0,7.0,6.0,2.0,0.0,7/5/2020 15:36,1.0,0.0,0.0,0.0,1.0,0.0,0.0,2020/07/05 15:36:42,both,Kitsap County,2020-03-29,13.0,0.0,2.0,3.0,4.0,4.0,0.0,2020/07/05 15:36:42,both
249,Kitsap County,2020-04-05,11.0,0.0,2.0,6.0,3.0,0.0,0.0,7/5/2020 15:36,,,,,,,,,left_only,Kitsap County,2020-04-05,2.0,0.0,0.0,0.0,2.0,0.0,0.0,2020/07/05 15:36:42,both
250,Kitsap County,2020-04-12,9.0,1.0,4.0,3.0,0.0,1.0,0.0,7/5/2020 15:36,,,,,,,,,left_only,,,,,,,,,,,left_only
251,Kitsap County,2020-04-19,3.0,0.0,2.0,1.0,0.0,0.0,0.0,7/5/2020 15:36,,,,,,,,,left_only,Kitsap County,2020-04-19,1.0,0.0,0.0,0.0,1.0,0.0,0.0,2020/07/05 15:36:42,both
252,Kitsap County,2020-04-26,3.0,1.0,1.0,0.0,1.0,0.0,0.0,7/5/2020 15:36,,,,,,,,,left_only,,,,,,,,,,,left_only
253,Kitsap County,2020-05-03,2.0,0.0,0.0,1.0,1.0,0.0,0.0,7/5/2020 15:36,,,,,,,,,left_only,,,,,,,,,,,left_only
254,Kitsap County,2020-05-10,6.0,0.0,4.0,2.0,0.0,0.0,0.0,7/5/2020 15:36,,,,,,,,,left_only,,,,,,,,,,,left_only
255,Kitsap County,2020-05-24,4.0,0.0,1.0,3.0,0.0,0.0,0.0,7/5/2020 15:36,,,,,,,,,left_only,,,,,,,,,,,left_only
256,Kitsap County,2020-05-31,11.0,3.0,4.0,3.0,1.0,0.0,0.0,7/5/2020 15:36,,,,,,,,,left_only,,,,,,,,,,,left_only
257,Kitsap County,2020-06-07,10.0,1.0,4.0,2.0,2.0,1.0,0.0,7/5/2020 15:36,,,,,,,,,left_only,Kitsap County,2020-06-07,2.0,0.0,0.0,2.0,0.0,0.0,0.0,2020/07/05 15:36:42,both
258,Kitsap County,2020-06-14,22.0,1.0,9.0,9.0,2.0,1.0,0.0,7/5/2020 15:36,,,,,,,,,left_only,Kitsap County,2020-06-14,1.0,0.0,0.0,1.0,0.0,0.0,0.0,2020/07/05 15:36:42,both
259,Kitsap County,2020-06-21,22.0,3.0,8.0,4.0,5.0,2.0,0.0,7/5/2020 15:36,,,,,,,,,left_only,Kitsap County,2020-06-21,4.0,0.0,1.0,1.0,1.0,1.0,0.0,2020/07/05 15:36:42,both
260,Kitsap County,2020-06-28,13.0,2.0,4.0,2.0,5.0,0.0,0.0,7/5/2020 15:36,,,,,,,,,left_only,,,,,,,,,,,left_only
261,Kittitas County,2020-01-26,1.0,0.0,0.0,0.0,1.0,0.0,0.0,7/5/2020 15:36,,,,,,,,,left_only,,,,,,,,,,,left_only
262,Kittitas County,2020-02-16,3.0,0.0,0.0,0.0,3.0,0.0,0.0,7/5/2020 15:36,,,,,,,,,left_only,,,,,,,,,,,left_only
263,Kittitas County,2020-03-08,2.0,0.0,0.0,2.0,0.0,0.0,0.0,7/5/2020 15:36,,,,,,,,,left_only,,,,,,,,,,,left_only
264,Kittitas County,2020-03-15,5.0,0.0,2.0,2.0,1.0,0.0,0.0,7/5/2020 15:36,,,,,,,,,left_only,,,,,,,,,,,left_only
265,Kittitas County,2020-03-22,2.0,0.0,1.0,1.0,0.0,0.0,0.0,7/5/2020 15:36,,,,,,,,,left_only,,,,,,,,,,,left_only
266,Kittitas County,2020-03-29,2.0,0.0,1.0,0.0,1.0,0.0,0.0,7/5/2020 15:36,,,,,,,,,left_only,,,,,,,,,,,left_only
267,Kittitas County,2020-04-05,1.0,0.0,0.0,0.0,1.0,0.0,0.0,7/5/2020 15:36,,,,,,,,,left_only,,,,,,,,,,,left_only
268,Kittitas County,2020-04-19,1.0,0.0,1.0,0.0,0.0,0.0,0.0,7/5/2020 15:36,,,,,,,,,left_only,,,,,,,,,,,left_only
269,Kittitas County,2020-04-26,3.0,0.0,1.0,2.0,0.0,0.0,0.0,7/5/2020 15:36,,,,,,,,,left_only,Kittitas County,2020-04-26,1.0,0.0,0.0,1.0,0.0,0.0,0.0,2020/07/05 15:36:42,both
270,Kittitas County,2020-05-03,30.0,1.0,17.0,8.0,4.0,0.0,0.0,7/5/2020 15:36,,,,,,,,,left_only,,,,,,,,,,,left_only
271,Kittitas County,2020-05-10,18.0,5.0,5.0,8.0,0.0,0.0,0.0,7/5/2020 15:36,,,,,,,,,left_only,,,,,,,,,,,left_only
272,Kittitas County,2020-05-17,17.0,7.0,4.0,5.0,1.0,0.0,0.0,7/5/2020 15:36,,,,,,,,,left_only,,,,,,,,,,,left_only
273,Kittitas County,2020-05-24,6.0,2.0,3.0,0.0,1.0,0.0,0.0,7/5/2020 15:36,,,,,,,,,left_only,Kittitas County,2020-05-24,1.0,1.0,0.0,0.0,0.0,0.0,0.0,2020/07/05 15:36:42,both
274,Kittitas County,2020-05-31,1.0,0.0,1.0,0.0,0.0,0.0,0.0,7/5/2020 15:36,,,,,,,,,left_only,,,,,,,,,,,left_only
275,Kittitas County,2020-06-07,5.0,1.0,3.0,0.0,1.0,0.0,0.0,7/5/2020 15:36,,,,,,,,,left_only,,,,,,,,,,,left_only
276,Kittitas County,2020-06-14,16.0,2.0,5.0,8.0,1.0,0.0,0.0,7/5/2020 15:36,,,,,,,,,left_only,,,,,,,,,,,left_only
277,Kittitas County,2020-06-21,31.0,1.0,18.0,6.0,5.0,1.0,0.0,7/5/2020 15:36,,,,,,,,,left_only,Kittitas County,2020-06-21,2.0,0.0,0.0,1.0,1.0,0.0,0.0,2020/07/05 15:36:42,both
278,Kittitas County,2020-06-28,2.0,0.0,1.0,0.0,1.0,0.0,0.0,7/5/2020 15:36,,,,,,,,,left_only,,,,,,,,,,,left_only
279,Klickitat County,2020-03-01,2.0,0.0,0.0,1.0,1.0,0.0,0.0,7/5/2020 15:36,,,,,,,,,left_only,,,,,,,,,,,left_only
280,Klickitat County,2020-03-15,6.0,0.0,0.0,0.0,6.0,0.0,0.0,7/5/2020 15:36,1.0,0.0,0.0,0.0,1.0,0.0,0.0,2020/07/05 15:36:42,both,Klickitat County,2020-03-15,1.0,0.0,0.0,0.0,1.0,0.0,0.0,2020/07/05 15:36:42,both
281,Klickitat County,2020-03-22,2.0,0.0,1.0,0.0,0.0,1.0,0.0,7/5/2020 15:36,1.0,0.0,0.0,0.0,0.0,1.0,0.0,2020/07/05 15:36:42,both,Klickitat County,2020-03-22,1.0,0.0,0.0,0.0,0.0,1.0,0.0,2020/07/05 15:36:42,both
282,Klickitat County,2020-03-29,2.0,1.0,0.0,0.0,1.0,0.0,0.0,7/5/2020 15:36,,,,,,,,,left_only,,,,,,,,,,,left_only
283,Klickitat County,2020-04-05,4.0,0.0,1.0,0.0,1.0,2.0,0.0,7/5/2020 15:36,1.0,0.0,0.0,0.0,0.0,1.0,0.0,2020/07/05 15:36:42,both,Klickitat County,2020-04-05,1.0,0.0,0.0,0.0,0.0,1.0,0.0,2020/07/05 15:36:42,both
284,Klickitat County,2020-04-19,2.0,0.0,0.0,1.0,1.0,0.0,0.0,7/5/2020 15:36,,,,,,,,,left_only,,,,,,,,,,,left_only
285,Klickitat County,2020-04-26,3.0,0.0,1.0,1.0,1.0,0.0,0.0,7/5/2020 15:36,,,,,,,,,left_only,,,,,,,,,,,left_only
286,Klickitat County,2020-05-03,3.0,1.0,0.0,2.0,0.0,0.0,0.0,7/5/2020 15:36,,,,,,,,,left_only,,,,,,,,,,,left_only
287,Klickitat County,2020-05-10,1.0,0.0,0.0,0.0,1.0,0.0,0.0,7/5/2020 15:36,,,,,,,,,left_only,,,,,,,,,,,left_only
288,Klickitat County,2020-05-17,1.0,0.0,1.0,0.0,0.0,0.0,0.0,7/5/2020 15:36,,,,,,,,,left_only,,,,,,,,,,,left_only
289,Klickitat County,2020-05-24,3.0,1.0,1.0,1.0,0.0,0.0,0.0,7/5/2020 15:36,,,,,,,,,left_only,,,,,,,,,,,left_only
290,Klickitat County,2020-05-31,15.0,1.0,7.0,3.0,4.0,0.0,0.0,7/5/2020 15:36,,,,,,,,,left_only,,,,,,,,,,,left_only
291,Klickitat County,2020-06-07,8.0,3.0,3.0,2.0,0.0,0.0,0.0,7/5/2020 15:36,,,,,,,,,left_only,,,,,,,,,,,left_only
292,Klickitat County,2020-06-14,5.0,1.0,0.0,3.0,1.0,0.0,0.0,7/5/2020 15:36,,,,,,,,,left_only,Klickitat County,2020-06-14,2.0,0.0,0.0,2.0,0.0,0.0,0.0,2020/07/05 15:36:42,both
293,Klickitat County,2020-06-21,8.0,3.0,3.0,1.0,1.0,0.0,0.0,7/5/2020 15:36,,,,,,,,,left_only,,,,,,,,,,,left_only
294,Klickitat County,2020-06-28,2.0,0.0,0.0,1.0,0.0,1.0,0.0,7/5/2020 15:36,,,,,,,,,left_only,,,,,,,,,,,left_only
295,Lewis County,2020-03-08,3.0,0.0,1.0,1.0,0.0,1.0,0.0,7/5/2020 15:36,,,,,,,,,left_only,Lewis County,2020-03-08,1.0,0.0,0.0,0.0,0.0,1.0,0.0,2020/07/05 15:36:42,both
296,Lewis County,2020-03-15,10.0,0.0,2.0,2.0,4.0,2.0,0.0,7/5/2020 15:36,1.0,0.0,0.0,0.0,0.0,1.0,0.0,2020/07/05 15:36:42,both,,,,,,,,,,,left_only
297,Lewis County,2020-03-22,4.0,0.0,1.0,0.0,2.0,1.0,0.0,7/5/2020 15:36,1.0,0.0,0.0,0.0,0.0,1.0,0.0,2020/07/05 15:36:42,both,,,,,,,,,,,left_only
298,Lewis County,2020-03-29,2.0,0.0,0.0,1.0,1.0,0.0,0.0,7/5/2020 15:36,,,,,,,,,left_only,Lewis County,2020-03-29,4.0,0.0,0.0,1.0,2.0,1.0,0.0,2020/07/05 15:36:42,both
299,Lewis County,2020-04-05,3.0,0.0,1.0,1.0,1.0,0.0,0.0,7/5/2020 15:36,1.0,0.0,0.0,0.0,1.0,0.0,0.0,2020/07/05 15:36:42,both,,,,,,,,,,,left_only
300,Lewis County,2020-04-12,1.0,0.0,1.0,0.0,0.0,0.0,0.0,7/5/2020 15:36,,,,,,,,,left_only,,,,,,,,,,,left_only
301,Lewis County,2020-04-19,5.0,0.0,0.0,2.0,3.0,0.0,0.0,7/5/2020 15:36,,,,,,,,,left_only,Lewis County,2020-04-19,2.0,0.0,1.0,0.0,1.0,0.0,0.0,2020/07/05 15:36:42,both
302,Lewis County,2020-04-26,1.0,0.0,0.0,1.0,0.0,0.0,0.0,7/5/2020 15:36,,,,,,,,,left_only,,,,,,,,,,,left_only
303,Lewis County,2020-05-03,1.0,0.0,0.0,1.0,0.0,0.0,0.0,7/5/2020 15:36,,,,,,,,,left_only,,,,,,,,,,,left_only
304,Lewis County,2020-05-10,4.0,0.0,1.0,3.0,0.0,0.0,0.0,7/5/2020 15:36,,,,,,,,,left_only,Lewis County,2020-05-10,1.0,0.0,0.0,1.0,0.0,0.0,0.0,2020/07/05 15:36:42,both
305,Lewis County,2020-05-24,2.0,0.0,1.0,1.0,0.0,0.0,0.0,7/5/2020 15:36,,,,,,,,,left_only,,,,,,,,,,,left_only
306,Lewis County,2020-06-07,5.0,0.0,1.0,1.0,2.0,1.0,0.0,7/5/2020 15:36,,,,,,,,,left_only,,,,,,,,,,,left_only
307,Lewis County,2020-06-14,16.0,0.0,11.0,5.0,0.0,0.0,0.0,7/5/2020 15:36,,,,,,,,,left_only,Lewis County,2020-06-14,3.0,0.0,1.0,0.0,1.0,1.0,0.0,2020/07/05 15:36:42,both
308,Lewis County,2020-06-21,17.0,1.0,5.0,9.0,2.0,0.0,0.0,7/5/2020 15:36,,,,,,,,,left_only,Lewis County,2020-06-21,1.0,0.0,1.0,0.0,0.0,0.0,0.0,2020/07/05 15:36:42,both
309,Lewis County,2020-06-28,1.0,0.0,1.0,0.0,0.0,0.0,0.0,7/5/2020 15:36,,,,,,,,,left_only,Lewis County,2020-06-28,1.0,0.0,0.0,0.0,1.0,0.0,0.0,2020/07/05 15:36:42,both
310,Mason County,2020-03-01,1.0,0.0,0.0,0.0,1.0,0.0,0.0,7/5/2020 15:36,,,,,,,,,left_only,,,,,,,,,,,left_only
311,Mason County,2020-03-08,1.0,0.0,0.0,0.0,1.0,0.0,0.0,7/5/2020 15:36,,,,,,,,,left_only,,,,,,,,,,,left_only
312,Mason County,2020-03-15,7.0,0.0,1.0,3.0,2.0,1.0,0.0,7/5/2020 15:36,,,,,,,,,left_only,,,,,,,,,,,left_only
313,Mason County,2020-03-22,6.0,0.0,0.0,3.0,3.0,0.0,0.0,7/5/2020 15:36,,,,,,,,,left_only,,,,,,,,,,,left_only
314,Mason County,2020-03-29,5.0,0.0,1.0,2.0,2.0,0.0,0.0,7/5/2020 15:36,,,,,,,,,left_only,Mason County,2020-03-29,1.0,0.0,0.0,0.0,1.0,0.0,0.0,2020/07/05 15:36:42,both
315,Mason County,2020-04-12,3.0,0.0,0.0,2.0,1.0,0.0,0.0,7/5/2020 15:36,1.0,0.0,0.0,0.0,1.0,0.0,0.0,2020/07/05 15:36:42,both,Mason County,2020-04-12,2.0,0.0,0.0,0.0,2.0,0.0,0.0,2020/07/05 15:36:42,both
316,Mason County,2020-04-19,2.0,0.0,2.0,0.0,0.0,0.0,0.0,7/5/2020 15:36,,,,,,,,,left_only,Mason County,2020-04-19,1.0,0.0,0.0,1.0,0.0,0.0,0.0,2020/07/05 15:36:42,both
317,Mason County,2020-04-26,4.0,0.0,2.0,1.0,0.0,1.0,0.0,7/5/2020 15:36,,,,,,,,,left_only,,,,,,,,,,,left_only
318,Mason County,2020-05-03,2.0,0.0,1.0,0.0,1.0,0.0,0.0,7/5/2020 15:36,,,,,,,,,left_only,,,,,,,,,,,left_only
319,Mason County,2020-05-10,3.0,0.0,1.0,2.0,0.0,0.0,0.0,7/5/2020 15:36,,,,,,,,,left_only,,,,,,,,,,,left_only
320,Mason County,2020-05-17,2.0,0.0,1.0,0.0,1.0,0.0,0.0,7/5/2020 15:36,,,,,,,,,left_only,,,,,,,,,,,left_only
321,Mason County,2020-05-24,2.0,0.0,0.0,2.0,0.0,0.0,0.0,7/5/2020 15:36,,,,,,,,,left_only,,,,,,,,,,,left_only
322,Mason County,2020-05-31,2.0,1.0,0.0,1.0,0.0,0.0,0.0,7/5/2020 15:36,,,,,,,,,left_only,Mason County,2020-05-31,1.0,0.0,0.0,1.0,0.0,0.0,0.0,2020/07/05 15:36:42,both
323,Mason County,2020-06-07,2.0,0.0,0.0,0.0,2.0,0.0,0.0,7/5/2020 15:36,,,,,,,,,left_only,,,,,,,,,,,left_only
324,Mason County,2020-06-14,3.0,0.0,2.0,1.0,0.0,0.0,0.0,7/5/2020 15:36,,,,,,,,,left_only,,,,,,,,,,,left_only
325,Mason County,2020-06-21,6.0,0.0,3.0,3.0,0.0,0.0,0.0,7/5/2020 15:36,,,,,,,,,left_only,,,,,,,,,,,left_only
326,Mason County,2020-06-28,2.0,0.0,0.0,1.0,1.0,0.0,0.0,7/5/2020 15:36,,,,,,,,,left_only,,,,,,,,,,,left_only
327,Okanogan County,2020-03-08,3.0,0.0,0.0,2.0,1.0,0.0,0.0,7/5/2020 15:36,,,,,,,,,left_only,,,,,,,,,,,left_only
328,Okanogan County,2020-03-15,1.0,0.0,0.0,0.0,1.0,0.0,0.0,7/5/2020 15:36,,,,,,,,,left_only,,,,,,,,,,,left_only
329,Okanogan County,2020-03-22,4.0,1.0,1.0,0.0,2.0,0.0,0.0,7/5/2020 15:36,1.0,0.0,0.0,0.0,1.0,0.0,0.0,2020/07/05 15:36:42,both,,,,,,,,,,,left_only
330,Okanogan County,2020-03-29,4.0,2.0,1.0,1.0,0.0,0.0,0.0,7/5/2020 15:36,,,,,,,,,left_only,Okanogan County,2020-03-29,1.0,0.0,0.0,0.0,1.0,0.0,0.0,2020/07/05 15:36:42,both
331,Okanogan County,2020-04-05,2.0,1.0,0.0,1.0,0.0,0.0,0.0,7/5/2020 15:36,,,,,,,,,left_only,,,,,,,,,,,left_only
332,Okanogan County,2020-04-12,3.0,0.0,0.0,2.0,1.0,0.0,0.0,7/5/2020 15:36,1.0,0.0,0.0,1.0,0.0,0.0,0.0,2020/07/05 15:36:42,both,,,,,,,,,,,left_only
333,Okanogan County,2020-04-19,6.0,0.0,2.0,2.0,2.0,0.0,0.0,7/5/2020 15:36,,,,,,,,,left_only,,,,,,,,,,,left_only
334,Okanogan County,2020-04-26,1.0,1.0,0.0,0.0,0.0,0.0,0.0,7/5/2020 15:36,,,,,,,,,left_only,Okanogan County,2020-04-26,1.0,0.0,1.0,0.0,0.0,0.0,0.0,2020/07/05 15:36:42,both
335,Okanogan County,2020-05-03,11.0,0.0,7.0,3.0,1.0,0.0,0.0,7/5/2020 15:36,,,,,,,,,left_only,Okanogan County,2020-05-03,2.0,0.0,1.0,0.0,1.0,0.0,0.0,2020/07/05 15:36:42,both
336,Okanogan County,2020-05-10,9.0,4.0,4.0,1.0,0.0,0.0,0.0,7/5/2020 15:36,,,,,,,,,left_only,,,,,,,,,,,left_only
337,Okanogan County,2020-05-17,2.0,1.0,1.0,0.0,0.0,0.0,0.0,7/5/2020 15:36,,,,,,,,,left_only,,,,,,,,,,,left_only
338,Okanogan County,2020-05-24,9.0,1.0,5.0,3.0,0.0,0.0,0.0,7/5/2020 15:36,,,,,,,,,left_only,Okanogan County,2020-05-24,1.0,0.0,0.0,1.0,0.0,0.0,0.0,2020/07/05 15:36:42,both
339,Okanogan County,2020-05-31,11.0,3.0,2.0,4.0,2.0,0.0,0.0,7/5/2020 15:36,,,,,,,,,left_only,,,,,,,,,,,left_only
340,Okanogan County,2020-06-07,9.0,1.0,1.0,3.0,4.0,0.0,0.0,7/5/2020 15:36,,,,,,,,,left_only,,,,,,,,,,,left_only
341,Okanogan County,2020-06-14,4.0,0.0,1.0,0.0,3.0,0.0,0.0,7/5/2020 15:36,,,,,,,,,left_only,,,,,,,,,,,left_only
342,Okanogan County,2020-06-21,17.0,1.0,13.0,2.0,1.0,0.0,0.0,7/5/2020 15:36,,,,,,,,,left_only,,,,,,,,,,,left_only
343,Okanogan County,2020-06-28,22.0,4.0,13.0,2.0,3.0,0.0,0.0,7/5/2020 15:36,,,,,,,,,left_only,,,,,,,,,,,left_only
344,Pacific County,2020-03-29,2.0,0.0,1.0,0.0,1.0,0.0,0.0,7/5/2020 15:36,1.0,0.0,0.0,0.0,1.0,0.0,0.0,2020/07/05 15:36:42,both,,,,,,,,,,,left_only
345,Pacific County,2020-04-05,1.0,0.0,0.0,1.0,0.0,0.0,0.0,7/5/2020 15:36,,,,,,,,,left_only,,,,,,,,,,,left_only
346,Pacific County,2020-04-19,1.0,0.0,0.0,0.0,1.0,0.0,0.0,7/5/2020 15:36,,,,,,,,,left_only,,,,,,,,,,,left_only
347,Pacific County,2020-04-26,2.0,0.0,0.0,2.0,0.0,0.0,0.0,7/5/2020 15:36,,,,,,,,,left_only,,,,,,,,,,,left_only
348,Pacific County,2020-05-03,3.0,0.0,1.0,2.0,0.0,0.0,0.0,7/5/2020 15:36,,,,,,,,,left_only,,,,,,,,,,,left_only
349,Pacific County,2020-05-31,1.0,0.0,0.0,1.0,0.0,0.0,0.0,7/5/2020 15:36,,,,,,,,,left_only,,,,,,,,,,,left_only
350,Pacific County,2020-06-07,2.0,0.0,2.0,0.0,0.0,0.0,0.0,7/5/2020 15:36,,,,,,,,,left_only,,,,,,,,,,,left_only
351,Pacific County,2020-06-21,6.0,2.0,3.0,1.0,0.0,0.0,0.0,7/5/2020 15:36,,,,,,,,,left_only,,,,,,,,,,,left_only
352,Pend Oreille County,2020-03-15,1.0,0.0,0.0,0.0,0.0,1.0,0.0,7/5/2020 15:36,,,,,,,,,left_only,,,,,,,,,,,left_only
353,Pend Oreille County,2020-04-05,1.0,0.0,0.0,1.0,0.0,0.0,0.0,7/5/2020 15:36,,,,,,,,,left_only,,,,,,,,,,,left_only
354,Pend Oreille County,2020-05-17,1.0,0.0,1.0,0.0,0.0,0.0,0.0,7/5/2020 15:36,,,,,,,,,left_only,,,,,,,,,,,left_only
355,Pend Oreille County,2020-06-21,1.0,0.0,0.0,0.0,1.0,0.0,0.0,7/5/2020 15:36,,,,,,,,,left_only,,,,,,,,,,,left_only
356,Pend Oreille County,2020-06-28,1.0,1.0,0.0,0.0,0.0,0.0,0.0,7/5/2020 15:36,,,,,,,,,left_only,,,,,,,,,,,left_only
357,Pierce County,2020-02-16,2.0,0.0,1.0,1.0,0.0,0.0,0.0,7/5/2020 15:36,,,,,,,,,left_only,,,,,,,,,,,left_only
358,Pierce County,2020-02-23,11.0,2.0,1.0,6.0,2.0,0.0,0.0,7/5/2020 15:36,,,,,,,,,left_only,Pierce County,2020-02-23,1.0,0.0,0.0,1.0,0.0,0.0,0.0,2020/07/05 15:36:42,both
359,Pierce County,2020-03-01,38.0,0.0,7.0,14.0,16.0,1.0,0.0,7/5/2020 15:36,2.0,0.0,0.0,1.0,1.0,0.0,0.0,2020/07/05 15:36:42,both,Pierce County,2020-03-01,5.0,0.0,2.0,3.0,0.0,0.0,0.0,2020/07/05 15:36:42,both
360,Pierce County,2020-03-08,104.0,4.0,26.0,36.0,31.0,7.0,0.0,7/5/2020 15:36,4.0,0.0,0.0,0.0,2.0,2.0,0.0,2020/07/05 15:36:42,both,Pierce County,2020-03-08,10.0,1.0,2.0,1.0,6.0,0.0,0.0,2020/07/05 15:36:42,both
361,Pierce County,2020-03-15,224.0,7.0,67.0,86.0,58.0,6.0,0.0,7/5/2020 15:36,8.0,0.0,1.0,0.0,5.0,2.0,0.0,2020/07/05 15:36:42,both,Pierce County,2020-03-15,35.0,0.0,7.0,12.0,13.0,3.0,0.0,2020/07/05 15:36:42,both
362,Pierce County,2020-03-22,241.0,6.0,61.0,101.0,62.0,11.0,0.0,7/5/2020 15:36,10.0,0.0,0.0,0.0,7.0,3.0,0.0,2020/07/05 15:36:42,both,Pierce County,2020-03-22,54.0,0.0,8.0,14.0,27.0,5.0,0.0,2020/07/05 15:36:42,both
363,Pierce County,2020-03-29,281.0,10.0,87.0,92.0,68.0,24.0,0.0,7/5/2020 15:36,20.0,0.0,0.0,2.0,7.0,11.0,0.0,2020/07/05 15:36:42,both,Pierce County,2020-03-29,48.0,0.0,6.0,12.0,25.0,5.0,0.0,2020/07/05 15:36:42,both
364,Pierce County,2020-04-05,188.0,13.0,55.0,72.0,35.0,13.0,0.0,7/5/2020 15:36,10.0,0.0,0.0,0.0,5.0,5.0,0.0,2020/07/05 15:36:42,both,Pierce County,2020-04-05,43.0,0.0,4.0,20.0,13.0,6.0,0.0,2020/07/05 15:36:42,both
365,Pierce County,2020-04-12,198.0,3.0,52.0,86.0,47.0,10.0,0.0,7/5/2020 15:36,13.0,0.0,0.0,1.0,7.0,5.0,0.0,2020/07/05 15:36:42,both,Pierce County,2020-04-12,35.0,0.0,2.0,8.0,17.0,8.0,0.0,2020/07/05 15:36:42,both
366,Pierce County,2020-04-19,162.0,12.0,50.0,63.0,26.0,11.0,0.0,7/5/2020 15:36,12.0,0.0,0.0,2.0,4.0,6.0,0.0,2020/07/05 15:36:42,both,Pierce County,2020-04-19,24.0,2.0,5.0,9.0,8.0,0.0,0.0,2020/07/05 15:36:42,both
367,Pierce County,2020-04-26,154.0,15.0,57.0,57.0,19.0,6.0,0.0,7/5/2020 15:36,4.0,0.0,1.0,0.0,2.0,1.0,0.0,2020/07/05 15:36:42,both,Pierce County,2020-04-26,32.0,0.0,7.0,14.0,9.0,2.0,0.0,2020/07/05 15:36:42,both
368,Pierce County,2020-05-03,144.0,11.0,47.0,51.0,24.0,11.0,0.0,7/5/2020 15:36,5.0,0.0,0.0,0.0,2.0,3.0,0.0,2020/07/05 15:36:42,both,Pierce County,2020-05-03,14.0,0.0,0.0,7.0,5.0,2.0,0.0,2020/07/05 15:36:42,both
369,Pierce County,2020-05-10,98.0,12.0,33.0,32.0,11.0,10.0,0.0,7/5/2020 15:36,5.0,0.0,0.0,0.0,0.0,5.0,0.0,2020/07/05 15:36:42,both,Pierce County,2020-05-10,14.0,1.0,1.0,6.0,4.0,2.0,0.0,2020/07/05 15:36:42,both
370,Pierce County,2020-05-17,81.0,7.0,27.0,22.0,17.0,8.0,0.0,7/5/2020 15:36,2.0,0.0,0.0,0.0,1.0,1.0,0.0,2020/07/05 15:36:42,both,Pierce County,2020-05-17,9.0,0.0,0.0,2.0,3.0,4.0,0.0,2020/07/05 15:36:42,both
371,Pierce County,2020-05-24,88.0,9.0,39.0,25.0,8.0,7.0,0.0,7/5/2020 15:36,2.0,0.0,0.0,0.0,0.0,2.0,0.0,2020/07/05 15:36:42,both,Pierce County,2020-05-24,15.0,0.0,3.0,6.0,4.0,2.0,0.0,2020/07/05 15:36:42,both
372,Pierce County,2020-05-31,90.0,13.0,37.0,24.0,12.0,4.0,0.0,7/5/2020 15:36,1.0,0.0,0.0,0.0,0.0,1.0,0.0,2020/07/05 15:36:42,both,Pierce County,2020-05-31,13.0,0.0,2.0,5.0,6.0,0.0,0.0,2020/07/05 15:36:42,both
373,Pierce County,2020-06-07,103.0,9.0,51.0,31.0,9.0,3.0,0.0,7/5/2020 15:36,1.0,0.0,0.0,0.0,1.0,0.0,0.0,2020/07/05 15:36:42,both,Pierce County,2020-06-07,12.0,0.0,1.0,3.0,7.0,1.0,0.0,2020/07/05 15:36:42,both
374,Pierce County,2020-06-14,185.0,20.0,97.0,40.0,18.0,10.0,0.0,7/5/2020 15:36,3.0,0.0,0.0,0.0,1.0,2.0,0.0,2020/07/05 15:36:42,both,Pierce County,2020-06-14,9.0,0.0,4.0,2.0,2.0,1.0,0.0,2020/07/05 15:36:42,both
375,Pierce County,2020-06-21,214.0,13.0,129.0,47.0,17.0,8.0,0.0,7/5/2020 15:36,4.0,0.0,0.0,0.0,1.0,3.0,0.0,2020/07/05 15:36:42,both,Pierce County,2020-06-21,16.0,0.0,2.0,7.0,4.0,3.0,0.0,2020/07/05 15:36:42,both
376,Pierce County,2020-06-28,198.0,23.0,112.0,37.0,15.0,8.0,3.0,7/5/2020 15:36,1.0,0.0,0.0,0.0,0.0,1.0,0.0,2020/07/05 15:36:42,both,Pierce County,2020-06-28,10.0,2.0,1.0,3.0,0.0,4.0,0.0,2020/07/05 15:36:42,both
377,San Juan County,2020-03-08,1.0,0.0,0.0,1.0,0.0,0.0,0.0,7/5/2020 15:36,,,,,,,,,left_only,,,,,,,,,,,left_only
378,San Juan County,2020-03-15,3.0,0.0,0.0,2.0,1.0,0.0,0.0,7/5/2020 15:36,,,,,,,,,left_only,San Juan County,2020-03-15,1.0,0.0,0.0,1.0,0.0,0.0,0.0,2020/07/05 15:36:42,both
379,San Juan County,2020-03-22,2.0,0.0,0.0,2.0,0.0,0.0,0.0,7/5/2020 15:36,,,,,,,,,left_only,,,,,,,,,,,left_only
380,San Juan County,2020-03-29,7.0,0.0,0.0,4.0,2.0,1.0,0.0,7/5/2020 15:36,,,,,,,,,left_only,,,,,,,,,,,left_only
381,San Juan County,2020-04-05,1.0,1.0,0.0,0.0,0.0,0.0,0.0,7/5/2020 15:36,,,,,,,,,left_only,,,,,,,,,,,left_only
382,San Juan County,2020-04-12,1.0,0.0,0.0,1.0,0.0,0.0,0.0,7/5/2020 15:36,,,,,,,,,left_only,,,,,,,,,,,left_only
383,San Juan County,2020-06-07,1.0,0.0,1.0,0.0,0.0,0.0,0.0,7/5/2020 15:36,,,,,,,,,left_only,,,,,,,,,,,left_only
384,San Juan County,2020-06-14,2.0,1.0,0.0,0.0,0.0,1.0,0.0,7/5/2020 15:36,,,,,,,,,left_only,,,,,,,,,,,left_only
385,San Juan County,2020-06-21,1.0,0.0,1.0,0.0,0.0,0.0,0.0,7/5/2020 15:36,,,,,,,,,left_only,,,,,,,,,,,left_only
386,Skagit County,2020-02-16,1.0,0.0,0.0,1.0,0.0,0.0,0.0,7/5/2020 15:36,,,,,,,,,left_only,,,,,,,,,,,left_only
387,Skagit County,2020-02-23,1.0,0.0,1.0,0.0,0.0,0.0,0.0,7/5/2020 15:36,,,,,,,,,left_only,,,,,,,,,,,left_only
388,Skagit County,2020-03-01,8.0,0.0,3.0,2.0,2.0,1.0,0.0,7/5/2020 15:36,1.0,0.0,0.0,0.0,0.0,1.0,0.0,2020/07/05 15:36:42,both,,,,,,,,,,,left_only
389,Skagit County,2020-03-08,43.0,1.0,8.0,11.0,20.0,3.0,0.0,7/5/2020 15:36,1.0,0.0,0.0,0.0,0.0,1.0,0.0,2020/07/05 15:36:42,both,Skagit County,2020-03-08,2.0,0.0,2.0,0.0,0.0,0.0,0.0,2020/07/05 15:36:42,both
390,Skagit County,2020-03-15,48.0,3.0,9.0,20.0,13.0,3.0,0.0,7/5/2020 15:36,1.0,0.0,0.0,0.0,0.0,1.0,0.0,2020/07/05 15:36:42,both,Skagit County,2020-03-15,4.0,0.0,0.0,0.0,1.0,3.0,0.0,2020/07/05 15:36:42,both
391,Skagit County,2020-03-22,43.0,3.0,13.0,13.0,9.0,5.0,0.0,7/5/2020 15:36,1.0,0.0,0.0,1.0,0.0,0.0,0.0,2020/07/05 15:36:42,both,Skagit County,2020-03-22,9.0,0.0,0.0,2.0,7.0,0.0,0.0,2020/07/05 15:36:42,both
392,Skagit County,2020-03-29,42.0,0.0,8.0,12.0,14.0,8.0,0.0,7/5/2020 15:36,5.0,0.0,0.0,0.0,3.0,2.0,0.0,2020/07/05 15:36:42,both,Skagit County,2020-03-29,8.0,0.0,1.0,3.0,2.0,2.0,0.0,2020/07/05 15:36:42,both
393,Skagit County,2020-04-05,44.0,3.0,13.0,21.0,7.0,0.0,0.0,7/5/2020 15:36,1.0,0.0,0.0,1.0,0.0,0.0,0.0,2020/07/05 15:36:42,both,Skagit County,2020-04-05,3.0,0.0,0.0,1.0,2.0,0.0,0.0,2020/07/05 15:36:42,both
394,Skagit County,2020-04-12,54.0,4.0,17.0,12.0,16.0,5.0,0.0,7/5/2020 15:36,3.0,0.0,0.0,0.0,2.0,1.0,0.0,2020/07/05 15:36:42,both,Skagit County,2020-04-12,11.0,0.0,2.0,4.0,4.0,1.0,0.0,2020/07/05 15:36:42,both
395,Skagit County,2020-04-19,66.0,10.0,25.0,25.0,5.0,1.0,0.0,7/5/2020 15:36,1.0,0.0,0.0,1.0,0.0,0.0,0.0,2020/07/05 15:36:42,both,Skagit County,2020-04-19,4.0,0.0,1.0,1.0,1.0,1.0,0.0,2020/07/05 15:36:42,both
396,Skagit County,2020-04-26,42.0,7.0,19.0,13.0,3.0,0.0,0.0,7/5/2020 15:36,,,,,,,,,left_only,Skagit County,2020-04-26,4.0,0.0,2.0,0.0,2.0,0.0,0.0,2020/07/05 15:36:42,both
397,Skagit County,2020-05-03,26.0,1.0,9.0,15.0,0.0,1.0,0.0,7/5/2020 15:36,1.0,0.0,0.0,0.0,0.0,1.0,0.0,2020/07/05 15:36:42,both,Skagit County,2020-05-03,3.0,0.0,0.0,2.0,0.0,1.0,0.0,2020/07/05 15:36:42,both
398,Skagit County,2020-05-10,11.0,4.0,2.0,3.0,2.0,0.0,0.0,7/5/2020 15:36,,,,,,,,,left_only,Skagit County,2020-05-10,2.0,0.0,0.0,2.0,0.0,0.0,0.0,2020/07/05 15:36:42,both
399,Skagit County,2020-05-17,2.0,0.0,2.0,0.0,0.0,0.0,0.0,7/5/2020 15:36,,,,,,,,,left_only,Skagit County,2020-05-17,1.0,0.0,0.0,1.0,0.0,0.0,0.0,2020/07/05 15:36:42,both
400,Skagit County,2020-05-24,13.0,2.0,7.0,4.0,0.0,0.0,0.0,7/5/2020 15:36,,,,,,,,,left_only,,,,,,,,,,,left_only
401,Skagit County,2020-05-31,11.0,3.0,5.0,3.0,0.0,0.0,0.0,7/5/2020 15:36,,,,,,,,,left_only,,,,,,,,,,,left_only
402,Skagit County,2020-06-07,20.0,1.0,8.0,8.0,3.0,0.0,0.0,7/5/2020 15:36,,,,,,,,,left_only,Skagit County,2020-06-07,3.0,0.0,2.0,1.0,0.0,0.0,0.0,2020/07/05 15:36:42,both
403,Skagit County,2020-06-14,20.0,5.0,11.0,4.0,0.0,0.0,0.0,7/5/2020 15:36,,,,,,,,,left_only,Skagit County,2020-06-14,2.0,0.0,1.0,0.0,1.0,0.0,0.0,2020/07/05 15:36:42,both
404,Skagit County,2020-06-21,23.0,4.0,10.0,7.0,2.0,0.0,0.0,7/5/2020 15:36,,,,,,,,,left_only,Skagit County,2020-06-21,1.0,0.0,0.0,1.0,0.0,0.0,0.0,2020/07/05 15:36:42,both
405,Skagit County,2020-06-28,31.0,4.0,8.0,10.0,1.0,7.0,1.0,7/5/2020 15:36,,,,,,,,,left_only,Skagit County,2020-06-28,2.0,0.0,0.0,2.0,0.0,0.0,0.0,2020/07/05 15:36:42,both
406,Skamania County,2020-03-22,2.0,0.0,0.0,1.0,1.0,0.0,0.0,7/5/2020 15:36,,,,,,,,,left_only,,,,,,,,,,,left_only
407,Skamania County,2020-04-05,1.0,0.0,0.0,0.0,1.0,0.0,0.0,7/5/2020 15:36,,,,,,,,,left_only,,,,,,,,,,,left_only
408,Skamania County,2020-06-14,1.0,0.0,1.0,0.0,0.0,0.0,0.0,7/5/2020 15:36,,,,,,,,,left_only,,,,,,,,,,,left_only
409,Skamania County,2020-06-21,3.0,0.0,0.0,0.0,2.0,1.0,0.0,7/5/2020 15:36,,,,,,,,,left_only,Skamania County,2020-06-21,1.0,0.0,0.0,0.0,0.0,1.0,0.0,2020/07/05 15:36:42,both
410,Skamania County,2020-06-28,2.0,1.0,0.0,1.0,0.0,0.0,0.0,7/5/2020 15:36,,,,,,,,,left_only,,,,,,,,,,,left_only
411,Snohomish County,2020-01-16,1.0,0.0,1.0,0.0,0.0,0.0,0.0,7/5/2020 15:36,,,,,,,,,left_only,,,,,,,,,,,left_only
412,Snohomish County,2020-01-26,1.0,0.0,1.0,0.0,0.0,0.0,0.0,7/5/2020 15:36,1.0,0.0,1.0,0.0,0.0,0.0,0.0,2020/07/05 15:36:42,both,,,,,,,,,,,left_only
413,Snohomish County,2020-02-02,6.0,0.0,1.0,2.0,1.0,2.0,0.0,7/5/2020 15:36,,,,,,,,,left_only,,,,,,,,,,,left_only
414,Snohomish County,2020-02-09,4.0,0.0,1.0,2.0,1.0,0.0,0.0,7/5/2020 15:36,,,,,,,,,left_only,,,,,,,,,,,left_only
415,Snohomish County,2020-02-16,20.0,1.0,3.0,9.0,6.0,1.0,0.0,7/5/2020 15:36,1.0,0.0,0.0,1.0,0.0,0.0,0.0,2020/07/05 15:36:42,both,,,,,,,,,,,left_only
416,Snohomish County,2020-02-23,51.0,1.0,11.0,15.0,17.0,7.0,0.0,7/5/2020 15:36,2.0,0.0,0.0,0.0,1.0,1.0,0.0,2020/07/05 15:36:42,both,Snohomish County,2020-02-23,8.0,0.0,0.0,4.0,3.0,1.0,0.0,2020/07/05 15:36:42,both
417,Snohomish County,2020-03-01,199.0,3.0,35.0,69.0,69.0,22.0,1.0,7/5/2020 15:36,16.0,0.0,0.0,3.0,6.0,7.0,0.0,2020/07/05 15:36:42,both,Snohomish County,2020-03-01,24.0,0.0,3.0,6.0,11.0,4.0,0.0,2020/07/05 15:36:42,both
418,Snohomish County,2020-03-08,344.0,5.0,86.0,141.0,85.0,27.0,0.0,7/5/2020 15:36,22.0,0.0,0.0,4.0,7.0,11.0,0.0,2020/07/05 15:36:42,both,Snohomish County,2020-03-08,56.0,0.0,4.0,7.0,24.0,21.0,0.0,2020/07/05 15:36:42,both
419,Snohomish County,2020-03-15,494.0,6.0,159.0,192.0,112.0,25.0,0.0,7/5/2020 15:36,23.0,0.0,0.0,1.0,13.0,9.0,0.0,2020/07/05 15:36:42,both,Snohomish County,2020-03-15,84.0,0.0,6.0,21.0,39.0,18.0,0.0,2020/07/05 15:36:42,both
420,Snohomish County,2020-03-22,427.0,16.0,145.0,166.0,78.0,22.0,0.0,7/5/2020 15:36,17.0,0.0,1.0,2.0,8.0,6.0,0.0,2020/07/05 15:36:42,both,Snohomish County,2020-03-22,85.0,1.0,12.0,30.0,33.0,9.0,0.0,2020/07/05 15:36:42,both
421,Snohomish County,2020-03-29,301.0,15.0,100.0,98.0,54.0,34.0,0.0,7/5/2020 15:36,18.0,0.0,0.0,0.0,7.0,11.0,0.0,2020/07/05 15:36:42,both,Snohomish County,2020-03-29,83.0,0.0,12.0,24.0,27.0,20.0,0.0,2020/07/05 15:36:42,both
422,Snohomish County,2020-04-05,216.0,9.0,71.0,81.0,41.0,14.0,0.0,7/5/2020 15:36,13.0,0.0,0.0,3.0,6.0,4.0,0.0,2020/07/05 15:36:42,both,Snohomish County,2020-04-05,48.0,1.0,6.0,15.0,16.0,10.0,0.0,2020/07/05 15:36:42,both
423,Snohomish County,2020-04-12,202.0,16.0,63.0,55.0,42.0,26.0,0.0,7/5/2020 15:36,9.0,0.0,0.0,1.0,4.0,4.0,0.0,2020/07/05 15:36:42,both,Snohomish County,2020-04-12,39.0,1.0,4.0,12.0,12.0,10.0,0.0,2020/07/05 15:36:42,both
424,Snohomish County,2020-04-19,195.0,10.0,58.0,73.0,29.0,25.0,0.0,7/5/2020 15:36,8.0,0.0,0.0,0.0,3.0,5.0,0.0,2020/07/05 15:36:42,both,Snohomish County,2020-04-19,29.0,1.0,3.0,5.0,11.0,9.0,0.0,2020/07/05 15:36:42,both
425,Snohomish County,2020-04-26,186.0,14.0,57.0,59.0,27.0,29.0,0.0,7/5/2020 15:36,13.0,0.0,0.0,1.0,3.0,9.0,0.0,2020/07/05 15:36:42,both,Snohomish County,2020-04-26,29.0,0.0,3.0,6.0,10.0,10.0,0.0,2020/07/05 15:36:42,both
426,Snohomish County,2020-05-03,114.0,6.0,43.0,35.0,24.0,6.0,0.0,7/5/2020 15:36,4.0,0.0,0.0,1.0,2.0,1.0,0.0,2020/07/05 15:36:42,both,Snohomish County,2020-05-03,31.0,0.0,5.0,12.0,7.0,7.0,0.0,2020/07/05 15:36:42,both
427,Snohomish County,2020-05-10,99.0,9.0,34.0,22.0,11.0,23.0,0.0,7/5/2020 15:36,7.0,0.0,0.0,1.0,1.0,5.0,0.0,2020/07/05 15:36:42,both,Snohomish County,2020-05-10,16.0,0.0,3.0,2.0,4.0,7.0,0.0,2020/07/05 15:36:42,both
428,Snohomish County,2020-05-17,96.0,8.0,27.0,25.0,21.0,15.0,0.0,7/5/2020 15:36,9.0,0.0,0.0,0.0,4.0,5.0,0.0,2020/07/05 15:36:42,both,Snohomish County,2020-05-17,16.0,0.0,3.0,4.0,5.0,4.0,0.0,2020/07/05 15:36:42,both
429,Snohomish County,2020-05-24,58.0,7.0,21.0,20.0,10.0,0.0,0.0,7/5/2020 15:36,2.0,0.0,1.0,0.0,1.0,0.0,0.0,2020/07/05 15:36:42,both,Snohomish County,2020-05-24,14.0,1.0,2.0,3.0,8.0,0.0,0.0,2020/07/05 15:36:42,both
430,Snohomish County,2020-05-31,82.0,13.0,28.0,28.0,12.0,1.0,0.0,7/5/2020 15:36,2.0,0.0,1.0,0.0,1.0,0.0,0.0,2020/07/05 15:36:42,both,Snohomish County,2020-05-31,9.0,0.0,0.0,2.0,6.0,1.0,0.0,2020/07/05 15:36:42,both
431,Snohomish County,2020-06-07,108.0,17.0,39.0,28.0,16.0,8.0,0.0,7/5/2020 15:36,4.0,0.0,0.0,1.0,1.0,2.0,0.0,2020/07/05 15:36:42,both,Snohomish County,2020-06-07,12.0,0.0,1.0,6.0,5.0,0.0,0.0,2020/07/05 15:36:42,both
432,Snohomish County,2020-06-14,171.0,39.0,61.0,49.0,14.0,8.0,0.0,7/5/2020 15:36,2.0,0.0,0.0,0.0,0.0,2.0,0.0,2020/07/05 15:36:42,both,Snohomish County,2020-06-14,9.0,0.0,0.0,2.0,3.0,4.0,0.0,2020/07/05 15:36:42,both
433,Snohomish County,2020-06-21,184.0,31.0,91.0,37.0,23.0,2.0,0.0,7/5/2020 15:36,1.0,0.0,0.0,1.0,0.0,0.0,0.0,2020/07/05 15:36:42,both,Snohomish County,2020-06-21,11.0,0.0,3.0,5.0,2.0,1.0,0.0,2020/07/05 15:36:42,both
434,Snohomish County,2020-06-28,137.0,30.0,71.0,23.0,11.0,1.0,1.0,7/5/2020 15:36,1.0,0.0,0.0,1.0,0.0,0.0,0.0,2020/07/05 15:36:42,both,Snohomish County,2020-06-28,3.0,0.0,0.0,1.0,2.0,0.0,0.0,2020/07/05 15:36:42,both
435,Spokane County,2020-02-16,1.0,0.0,0.0,0.0,1.0,0.0,0.0,7/5/2020 15:36,,,,,,,,,left_only,,,,,,,,,,,left_only
436,Spokane County,2020-02-23,1.0,0.0,0.0,0.0,0.0,1.0,0.0,7/5/2020 15:36,1.0,0.0,0.0,0.0,0.0,1.0,0.0,2020/07/05 15:36:42,both,,,,,,,,,,,left_only
437,Spokane County,2020-03-01,9.0,0.0,4.0,3.0,2.0,0.0,0.0,7/5/2020 15:36,1.0,0.0,0.0,1.0,0.0,0.0,0.0,2020/07/05 15:36:42,both,,,,,,,,,,,left_only
438,Spokane County,2020-03-08,38.0,0.0,8.0,12.0,17.0,1.0,0.0,7/5/2020 15:36,2.0,0.0,0.0,0.0,2.0,0.0,0.0,2020/07/05 15:36:42,both,,,,,,,,,,,left_only
439,Spokane County,2020-03-15,90.0,1.0,19.0,39.0,27.0,4.0,0.0,7/5/2020 15:36,2.0,0.0,0.0,1.0,0.0,1.0,0.0,2020/07/05 15:36:42,both,Spokane County,2020-03-15,9.0,0.0,0.0,4.0,4.0,1.0,0.0,2020/07/05 15:36:42,both
440,Spokane County,2020-03-22,72.0,2.0,23.0,24.0,17.0,6.0,0.0,7/5/2020 15:36,9.0,0.0,0.0,0.0,6.0,3.0,0.0,2020/07/05 15:36:42,both,Spokane County,2020-03-22,20.0,0.0,2.0,5.0,8.0,5.0,0.0,2020/07/05 15:36:42,both
441,Spokane County,2020-03-29,44.0,3.0,10.0,13.0,15.0,3.0,0.0,7/5/2020 15:36,2.0,0.0,0.0,1.0,0.0,1.0,0.0,2020/07/05 15:36:42,both,Spokane County,2020-03-29,9.0,0.0,1.0,2.0,3.0,3.0,0.0,2020/07/05 15:36:42,both
442,Spokane County,2020-04-05,31.0,0.0,6.0,7.0,7.0,11.0,0.0,7/5/2020 15:36,7.0,0.0,0.0,0.0,2.0,5.0,0.0,2020/07/05 15:36:42,both,Spokane County,2020-04-05,14.0,0.0,2.0,1.0,7.0,4.0,0.0,2020/07/05 15:36:42,both
443,Spokane County,2020-04-12,32.0,0.0,8.0,10.0,6.0,8.0,0.0,7/5/2020 15:36,3.0,0.0,0.0,0.0,1.0,2.0,0.0,2020/07/05 15:36:42,both,Spokane County,2020-04-12,5.0,0.0,0.0,1.0,2.0,2.0,0.0,2020/07/05 15:36:42,both
444,Spokane County,2020-04-19,42.0,4.0,15.0,8.0,10.0,5.0,0.0,7/5/2020 15:36,4.0,0.0,0.0,0.0,2.0,2.0,0.0,2020/07/05 15:36:42,both,Spokane County,2020-04-19,8.0,0.0,0.0,1.0,6.0,1.0,0.0,2020/07/05 15:36:42,both
445,Spokane County,2020-04-26,21.0,0.0,5.0,5.0,6.0,5.0,0.0,7/5/2020 15:36,1.0,0.0,0.0,0.0,1.0,0.0,0.0,2020/07/05 15:36:42,both,Spokane County,2020-04-26,2.0,0.0,0.0,1.0,1.0,0.0,0.0,2020/07/05 15:36:42,both
446,Spokane County,2020-05-03,16.0,7.0,3.0,3.0,2.0,1.0,0.0,7/5/2020 15:36,1.0,0.0,0.0,0.0,1.0,0.0,0.0,2020/07/05 15:36:42,both,Spokane County,2020-05-03,1.0,0.0,0.0,0.0,0.0,1.0,0.0,2020/07/05 15:36:42,both
447,Spokane County,2020-05-10,44.0,7.0,17.0,17.0,3.0,0.0,0.0,7/5/2020 15:36,1.0,0.0,0.0,1.0,0.0,0.0,0.0,2020/07/05 15:36:42,both,Spokane County,2020-05-10,4.0,0.0,0.0,2.0,2.0,0.0,0.0,2020/07/05 15:36:42,both
448,Spokane County,2020-05-17,109.0,18.0,53.0,22.0,12.0,4.0,0.0,7/5/2020 15:36,2.0,0.0,0.0,0.0,1.0,1.0,0.0,2020/07/05 15:36:42,both,Spokane County,2020-05-17,7.0,1.0,0.0,4.0,1.0,1.0,0.0,2020/07/05 15:36:42,both
449,Spokane County,2020-05-24,99.0,15.0,59.0,19.0,5.0,1.0,0.0,7/5/2020 15:36,1.0,0.0,0.0,0.0,1.0,0.0,0.0,2020/07/05 15:36:42,both,Spokane County,2020-05-24,5.0,0.0,2.0,1.0,1.0,1.0,0.0,2020/07/05 15:36:42,both
450,Spokane County,2020-05-31,134.0,32.0,52.0,28.0,15.0,7.0,0.0,7/5/2020 15:36,1.0,0.0,0.0,1.0,0.0,0.0,0.0,2020/07/05 15:36:42,both,Spokane County,2020-05-31,3.0,0.0,0.0,1.0,2.0,0.0,0.0,2020/07/05 15:36:42,both
451,Spokane County,2020-06-07,131.0,16.0,67.0,31.0,14.0,3.0,0.0,7/5/2020 15:36,2.0,0.0,1.0,0.0,0.0,1.0,0.0,2020/07/05 15:36:42,both,Spokane County,2020-06-07,7.0,0.0,1.0,5.0,1.0,0.0,0.0,2020/07/05 15:36:42,both
452,Spokane County,2020-06-14,193.0,34.0,91.0,41.0,23.0,4.0,0.0,7/5/2020 15:36,,,,,,,,,left_only,Spokane County,2020-06-14,10.0,0.0,1.0,4.0,5.0,0.0,0.0,2020/07/05 15:36:42,both
453,Spokane County,2020-06-21,319.0,48.0,181.0,67.0,21.0,2.0,0.0,7/5/2020 15:36,1.0,0.0,0.0,0.0,1.0,0.0,0.0,2020/07/05 15:36:42,both,Spokane County,2020-06-21,17.0,0.0,0.0,8.0,7.0,2.0,0.0,2020/07/05 15:36:42,both
454,Spokane County,2020-06-28,176.0,22.0,91.0,39.0,13.0,11.0,0.0,7/5/2020 15:36,,,,,,,,,left_only,Spokane County,2020-06-28,15.0,1.0,4.0,1.0,2.0,7.0,0.0,2020/07/05 15:36:42,both
455,Stevens County,2020-03-01,1.0,0.0,0.0,1.0,0.0,0.0,0.0,7/5/2020 15:36,,,,,,,,,left_only,,,,,,,,,,,left_only
456,Stevens County,2020-03-08,1.0,0.0,0.0,0.0,1.0,0.0,0.0,7/5/2020 15:36,,,,,,,,,left_only,,,,,,,,,,,left_only
457,Stevens County,2020-03-15,1.0,0.0,0.0,0.0,1.0,0.0,0.0,7/5/2020 15:36,,,,,,,,,left_only,Stevens County,2020-03-15,1.0,0.0,0.0,1.0,0.0,0.0,0.0,2020/07/05 15:36:42,both
458,Stevens County,2020-03-22,3.0,0.0,0.0,1.0,2.0,0.0,0.0,7/5/2020 15:36,1.0,0.0,0.0,0.0,1.0,0.0,0.0,2020/07/05 15:36:42,both,,,,,,,,,,,left_only
459,Stevens County,2020-03-29,1.0,0.0,0.0,0.0,1.0,0.0,0.0,7/5/2020 15:36,,,,,,,,,left_only,Stevens County,2020-03-29,1.0,0.0,0.0,0.0,1.0,0.0,0.0,2020/07/05 15:36:42,both
460,Stevens County,2020-04-12,2.0,1.0,0.0,0.0,1.0,0.0,0.0,7/5/2020 15:36,,,,,,,,,left_only,,,,,,,,,,,left_only
461,Stevens County,2020-05-10,1.0,0.0,0.0,1.0,0.0,0.0,0.0,7/5/2020 15:36,,,,,,,,,left_only,,,,,,,,,,,left_only
462,Stevens County,2020-05-17,2.0,0.0,0.0,2.0,0.0,0.0,0.0,7/5/2020 15:36,,,,,,,,,left_only,,,,,,,,,,,left_only
463,Stevens County,2020-05-24,1.0,0.0,0.0,1.0,0.0,0.0,0.0,7/5/2020 15:36,,,,,,,,,left_only,,,,,,,,,,,left_only
464,Stevens County,2020-06-07,3.0,1.0,0.0,2.0,0.0,0.0,0.0,7/5/2020 15:36,,,,,,,,,left_only,,,,,,,,,,,left_only
465,Stevens County,2020-06-21,2.0,0.0,0.0,0.0,2.0,0.0,0.0,7/5/2020 15:36,,,,,,,,,left_only,Stevens County,2020-06-21,1.0,0.0,0.0,0.0,1.0,0.0,0.0,2020/07/05 15:36:42,both
466,Stevens County,2020-06-28,2.0,0.0,0.0,1.0,1.0,0.0,0.0,7/5/2020 15:36,,,,,,,,,left_only,,,,,,,,,,,left_only
467,Thurston County,2020-02-23,1.0,0.0,0.0,1.0,0.0,0.0,0.0,7/5/2020 15:36,,,,,,,,,left_only,,,,,,,,,,,left_only
468,Thurston County,2020-03-01,4.0,0.0,0.0,3.0,1.0,0.0,0.0,7/5/2020 15:36,,,,,,,,,left_only,,,,,,,,,,,left_only
469,Thurston County,2020-03-08,17.0,0.0,4.0,6.0,6.0,1.0,0.0,7/5/2020 15:36,1.0,0.0,0.0,0.0,0.0,1.0,0.0,2020/07/05 15:36:42,both,Thurston County,2020-03-08,4.0,0.0,0.0,3.0,1.0,0.0,0.0,2020/07/05 15:36:42,both
470,Thurston County,2020-03-15,15.0,0.0,1.0,6.0,8.0,0.0,0.0,7/5/2020 15:36,,,,,,,,,left_only,Thurston County,2020-03-15,1.0,0.0,0.0,0.0,1.0,0.0,0.0,2020/07/05 15:36:42,both
471,Thurston County,2020-03-22,31.0,1.0,6.0,11.0,12.0,1.0,0.0,7/5/2020 15:36,,,,,,,,,left_only,Thurston County,2020-03-22,4.0,0.0,0.0,1.0,1.0,2.0,0.0,2020/07/05 15:36:42,both
472,Thurston County,2020-03-29,16.0,1.0,6.0,6.0,3.0,0.0,0.0,7/5/2020 15:36,,,,,,,,,left_only,Thurston County,2020-03-29,3.0,0.0,0.0,2.0,1.0,0.0,0.0,2020/07/05 15:36:42,both
473,Thurston County,2020-04-05,10.0,0.0,4.0,4.0,2.0,0.0,0.0,7/5/2020 15:36,,,,,,,,,left_only,Thurston County,2020-04-05,2.0,0.0,0.0,0.0,2.0,0.0,0.0,2020/07/05 15:36:42,both
474,Thurston County,2020-04-12,12.0,1.0,2.0,6.0,3.0,0.0,0.0,7/5/2020 15:36,,,,,,,,,left_only,Thurston County,2020-04-12,1.0,0.0,0.0,1.0,0.0,0.0,0.0,2020/07/05 15:36:42,both
475,Thurston County,2020-04-19,8.0,1.0,1.0,4.0,1.0,1.0,0.0,7/5/2020 15:36,,,,,,,,,left_only,Thurston County,2020-04-19,1.0,0.0,0.0,0.0,1.0,0.0,0.0,2020/07/05 15:36:42,both
476,Thurston County,2020-04-26,5.0,3.0,0.0,1.0,1.0,0.0,0.0,7/5/2020 15:36,,,,,,,,,left_only,Thurston County,2020-04-26,1.0,0.0,0.0,0.0,1.0,0.0,0.0,2020/07/05 15:36:42,both
477,Thurston County,2020-05-03,5.0,0.0,2.0,2.0,0.0,1.0,0.0,7/5/2020 15:36,,,,,,,,,left_only,,,,,,,,,,,left_only
478,Thurston County,2020-05-10,3.0,0.0,0.0,2.0,1.0,0.0,0.0,7/5/2020 15:36,,,,,,,,,left_only,,,,,,,,,,,left_only
479,Thurston County,2020-05-17,6.0,0.0,1.0,3.0,2.0,0.0,0.0,7/5/2020 15:36,,,,,,,,,left_only,,,,,,,,,,,left_only
480,Thurston County,2020-05-24,28.0,1.0,5.0,9.0,7.0,6.0,0.0,7/5/2020 15:36,2.0,0.0,0.0,0.0,0.0,2.0,0.0,2020/07/05 15:36:42,both,Thurston County,2020-05-24,3.0,0.0,0.0,0.0,2.0,1.0,0.0,2020/07/05 15:36:42,both
481,Thurston County,2020-05-31,26.0,0.0,7.0,9.0,4.0,6.0,0.0,7/5/2020 15:36,1.0,0.0,0.0,0.0,0.0,1.0,0.0,2020/07/05 15:36:42,both,Thurston County,2020-05-31,6.0,0.0,0.0,3.0,0.0,3.0,0.0,2020/07/05 15:36:42,both
482,Thurston County,2020-06-07,19.0,1.0,7.0,6.0,1.0,4.0,0.0,7/5/2020 15:36,2.0,0.0,0.0,0.0,1.0,1.0,0.0,2020/07/05 15:36:42,both,Thurston County,2020-06-07,7.0,0.0,1.0,0.0,2.0,4.0,0.0,2020/07/05 15:36:42,both
483,Thurston County,2020-06-14,20.0,4.0,9.0,5.0,2.0,0.0,0.0,7/5/2020 15:36,1.0,0.0,0.0,0.0,1.0,0.0,0.0,2020/07/05 15:36:42,both,Thurston County,2020-06-14,1.0,0.0,1.0,0.0,0.0,0.0,0.0,2020/07/05 15:36:42,both
484,Thurston County,2020-06-21,39.0,5.0,21.0,7.0,6.0,0.0,0.0,7/5/2020 15:36,,,,,,,,,left_only,Thurston County,2020-06-21,1.0,0.0,0.0,1.0,0.0,0.0,0.0,2020/07/05 15:36:42,both
485,Thurston County,2020-06-28,24.0,2.0,13.0,6.0,3.0,0.0,0.0,7/5/2020 15:36,,,,,,,,,left_only,Thurston County,2020-06-28,2.0,0.0,0.0,0.0,2.0,0.0,0.0,2020/07/05 15:36:42,both
486,Wahkiakum County,2020-03-15,1.0,0.0,0.0,1.0,0.0,0.0,0.0,7/5/2020 15:36,,,,,,,,,left_only,,,,,,,,,,,left_only
487,Wahkiakum County,2020-03-22,1.0,0.0,0.0,1.0,0.0,0.0,0.0,7/5/2020 15:36,,,,,,,,,left_only,,,,,,,,,,,left_only
488,Wahkiakum County,2020-05-03,2.0,0.0,0.0,1.0,1.0,0.0,0.0,7/5/2020 15:36,,,,,,,,,left_only,,,,,,,,,,,left_only
489,Wahkiakum County,2020-06-14,1.0,0.0,0.0,1.0,0.0,0.0,0.0,7/5/2020 15:36,,,,,,,,,left_only,,,,,,,,,,,left_only
490,Walla Walla County,2020-03-08,1.0,0.0,0.0,1.0,0.0,0.0,0.0,7/5/2020 15:36,,,,,,,,,left_only,,,,,,,,,,,left_only
491,Walla Walla County,2020-03-15,2.0,0.0,1.0,0.0,1.0,0.0,0.0,7/5/2020 15:36,,,,,,,,,left_only,,,,,,,,,,,left_only
492,Walla Walla County,2020-03-22,5.0,0.0,2.0,2.0,1.0,0.0,0.0,7/5/2020 15:36,,,,,,,,,left_only,,,,,,,,,,,left_only
493,Walla Walla County,2020-03-29,11.0,1.0,4.0,4.0,2.0,0.0,0.0,7/5/2020 15:36,,,,,,,,,left_only,Walla Walla County,2020-03-29,1.0,0.0,0.0,0.0,1.0,0.0,0.0,2020/07/05 15:36:42,both
494,Walla Walla County,2020-04-05,16.0,0.0,8.0,4.0,4.0,0.0,0.0,7/5/2020 15:36,1.0,0.0,0.0,0.0,1.0,0.0,0.0,2020/07/05 15:36:42,both,Walla Walla County,2020-04-05,2.0,0.0,1.0,0.0,1.0,0.0,0.0,2020/07/05 15:36:42,both
495,Walla Walla County,2020-04-12,13.0,1.0,5.0,6.0,1.0,0.0,0.0,7/5/2020 15:36,1.0,0.0,0.0,1.0,0.0,0.0,0.0,2020/07/05 15:36:42,both,,,,,,,,,,,left_only
496,Walla Walla County,2020-04-19,29.0,3.0,7.0,10.0,8.0,1.0,0.0,7/5/2020 15:36,1.0,0.0,0.0,0.0,1.0,0.0,0.0,2020/07/05 15:36:42,both,Walla Walla County,2020-04-19,4.0,0.0,0.0,0.0,3.0,1.0,0.0,2020/07/05 15:36:42,both
497,Walla Walla County,2020-04-26,18.0,3.0,11.0,4.0,0.0,0.0,0.0,7/5/2020 15:36,,,,,,,,,left_only,,,,,,,,,,,left_only
498,Walla Walla County,2020-05-03,7.0,0.0,4.0,1.0,0.0,2.0,0.0,7/5/2020 15:36,,,,,,,,,left_only,,,,,,,,,,,left_only
499,Walla Walla County,2020-05-10,5.0,0.0,0.0,2.0,0.0,3.0,0.0,7/5/2020 15:36,,,,,,,,,left_only,,,,,,,,,,,left_only
500,Walla Walla County,2020-05-17,2.0,0.0,0.0,2.0,0.0,0.0,0.0,7/5/2020 15:36,,,,,,,,,left_only,Walla Walla County,2020-05-17,1.0,0.0,0.0,1.0,0.0,0.0,0.0,2020/07/05 15:36:42,both
501,Walla Walla County,2020-05-24,4.0,2.0,1.0,0.0,1.0,0.0,0.0,7/5/2020 15:36,,,,,,,,,left_only,,,,,,,,,,,left_only
502,Walla Walla County,2020-05-31,10.0,1.0,1.0,6.0,2.0,0.0,0.0,7/5/2020 15:36,,,,,,,,,left_only,,,,,,,,,,,left_only
503,Walla Walla County,2020-06-07,13.0,0.0,7.0,4.0,2.0,0.0,0.0,7/5/2020 15:36,,,,,,,,,left_only,,,,,,,,,,,left_only
504,Walla Walla County,2020-06-14,16.0,3.0,7.0,5.0,1.0,0.0,0.0,7/5/2020 15:36,,,,,,,,,left_only,Walla Walla County,2020-06-14,1.0,0.0,0.0,1.0,0.0,0.0,0.0,2020/07/05 15:36:42,both
505,Walla Walla County,2020-06-21,22.0,1.0,10.0,6.0,4.0,1.0,0.0,7/5/2020 15:36,,,,,,,,,left_only,Walla Walla County,2020-06-21,3.0,0.0,0.0,0.0,3.0,0.0,0.0,2020/07/05 15:36:42,both
506,Walla Walla County,2020-06-28,6.0,0.0,2.0,1.0,3.0,0.0,0.0,7/5/2020 15:36,,,,,,,,,left_only,,,,,,,,,,,left_only
507,Whatcom County,2020-02-16,1.0,0.0,0.0,0.0,1.0,0.0,0.0,7/5/2020 15:36,,,,,,,,,left_only,,,,,,,,,,,left_only
508,Whatcom County,2020-02-23,1.0,0.0,0.0,1.0,0.0,0.0,0.0,7/5/2020 15:36,,,,,,,,,left_only,,,,,,,,,,,left_only
509,Whatcom County,2020-03-01,6.0,0.0,0.0,2.0,3.0,1.0,0.0,7/5/2020 15:36,,,,,,,,,left_only,Whatcom County,2020-03-01,1.0,0.0,0.0,0.0,1.0,0.0,0.0,2020/07/05 15:36:42,both
510,Whatcom County,2020-03-08,27.0,1.0,8.0,8.0,5.0,5.0,0.0,7/5/2020 15:36,3.0,0.0,0.0,0.0,1.0,2.0,0.0,2020/07/05 15:36:42,both,Whatcom County,2020-03-08,4.0,1.0,0.0,0.0,3.0,0.0,0.0,2020/07/05 15:36:42,both
511,Whatcom County,2020-03-15,72.0,1.0,22.0,20.0,12.0,17.0,0.0,7/5/2020 15:36,12.0,0.0,0.0,0.0,4.0,8.0,0.0,2020/07/05 15:36:42,both,Whatcom County,2020-03-15,13.0,0.0,0.0,5.0,3.0,5.0,0.0,2020/07/05 15:36:42,both
512,Whatcom County,2020-03-22,84.0,1.0,20.0,27.0,20.0,16.0,0.0,7/5/2020 15:36,10.0,0.0,0.0,0.0,2.0,8.0,0.0,2020/07/05 15:36:42,both,Whatcom County,2020-03-22,5.0,0.0,0.0,0.0,3.0,2.0,0.0,2020/07/05 15:36:42,both
513,Whatcom County,2020-03-29,62.0,4.0,15.0,13.0,10.0,20.0,0.0,7/5/2020 15:36,7.0,0.0,0.0,0.0,0.0,7.0,0.0,2020/07/05 15:36:42,both,Whatcom County,2020-03-29,7.0,0.0,2.0,2.0,0.0,3.0,0.0,2020/07/05 15:36:42,both
514,Whatcom County,2020-04-05,22.0,1.0,4.0,3.0,9.0,5.0,0.0,7/5/2020 15:36,3.0,0.0,0.0,0.0,1.0,2.0,0.0,2020/07/05 15:36:42,both,Whatcom County,2020-04-05,6.0,0.0,1.0,0.0,4.0,1.0,0.0,2020/07/05 15:36:42,both
515,Whatcom County,2020-04-12,12.0,0.0,6.0,1.0,2.0,3.0,0.0,7/5/2020 15:36,1.0,0.0,0.0,0.0,0.0,1.0,0.0,2020/07/05 15:36:42,both,Whatcom County,2020-04-12,3.0,0.0,0.0,1.0,1.0,1.0,0.0,2020/07/05 15:36:42,both
516,Whatcom County,2020-04-19,12.0,2.0,4.0,4.0,2.0,0.0,0.0,7/5/2020 15:36,,,,,,,,,left_only,Whatcom County,2020-04-19,3.0,0.0,1.0,1.0,1.0,0.0,0.0,2020/07/05 15:36:42,both
517,Whatcom County,2020-04-26,23.0,5.0,13.0,2.0,1.0,2.0,0.0,7/5/2020 15:36,2.0,0.0,0.0,1.0,0.0,1.0,0.0,2020/07/05 15:36:42,both,Whatcom County,2020-04-26,2.0,0.0,0.0,1.0,0.0,1.0,0.0,2020/07/05 15:36:42,both
518,Whatcom County,2020-05-03,16.0,3.0,3.0,3.0,3.0,4.0,0.0,7/5/2020 15:36,1.0,0.0,0.0,0.0,0.0,1.0,0.0,2020/07/05 15:36:42,both,Whatcom County,2020-05-03,2.0,0.0,0.0,0.0,0.0,2.0,0.0,2020/07/05 15:36:42,both
519,Whatcom County,2020-05-10,20.0,3.0,10.0,5.0,2.0,0.0,0.0,7/5/2020 15:36,,,,,,,,,left_only,,,,,,,,,,,left_only
520,Whatcom County,2020-05-17,21.0,6.0,10.0,3.0,1.0,1.0,0.0,7/5/2020 15:36,1.0,0.0,0.0,0.0,0.0,1.0,0.0,2020/07/05 15:36:42,both,Whatcom County,2020-05-17,1.0,0.0,1.0,0.0,0.0,0.0,0.0,2020/07/05 15:36:42,both
521,Whatcom County,2020-05-24,23.0,9.0,7.0,7.0,0.0,0.0,0.0,7/5/2020 15:36,,,,,,,,,left_only,Whatcom County,2020-05-24,1.0,0.0,0.0,1.0,0.0,0.0,0.0,2020/07/05 15:36:42,both
522,Whatcom County,2020-05-31,33.0,12.0,15.0,3.0,2.0,1.0,0.0,7/5/2020 15:36,,,,,,,,,left_only,Whatcom County,2020-05-31,1.0,0.0,0.0,0.0,1.0,0.0,0.0,2020/07/05 15:36:42,both
523,Whatcom County,2020-06-07,36.0,5.0,20.0,8.0,2.0,1.0,0.0,7/5/2020 15:36,1.0,0.0,0.0,0.0,0.0,1.0,0.0,2020/07/05 15:36:42,both,Whatcom County,2020-06-07,1.0,1.0,0.0,0.0,0.0,0.0,0.0,2020/07/05 15:36:42,both
524,Whatcom County,2020-06-14,86.0,17.0,28.0,22.0,17.0,2.0,0.0,7/5/2020 15:36,,,,,,,,,left_only,,,,,,,,,,,left_only
525,Whatcom County,2020-06-21,82.0,26.0,26.0,20.0,10.0,0.0,0.0,7/5/2020 15:36,,,,,,,,,left_only,Whatcom County,2020-06-21,4.0,0.0,1.0,1.0,2.0,0.0,0.0,2020/07/05 15:36:42,both
526,Whatcom County,2020-06-28,28.0,5.0,14.0,5.0,4.0,0.0,0.0,7/5/2020 15:36,,,,,,,,,left_only,Whatcom County,2020-06-28,4.0,0.0,0.0,2.0,2.0,0.0,0.0,2020/07/05 15:36:42,both
527,Whitman County,2020-03-08,1.0,0.0,1.0,0.0,0.0,0.0,0.0,7/5/2020 15:36,,,,,,,,,left_only,,,,,,,,,,,left_only
528,Whitman County,2020-03-15,4.0,0.0,1.0,2.0,1.0,0.0,0.0,7/5/2020 15:36,,,,,,,,,left_only,,,,,,,,,,,left_only
529,Whitman County,2020-03-22,3.0,1.0,0.0,2.0,0.0,0.0,0.0,7/5/2020 15:36,,,,,,,,,left_only,,,,,,,,,,,left_only
530,Whitman County,2020-03-29,4.0,0.0,2.0,2.0,0.0,0.0,0.0,7/5/2020 15:36,,,,,,,,,left_only,,,,,,,,,,,left_only
531,Whitman County,2020-04-12,3.0,0.0,2.0,0.0,0.0,1.0,0.0,7/5/2020 15:36,,,,,,,,,left_only,,,,,,,,,,,left_only
532,Whitman County,2020-04-19,1.0,0.0,1.0,0.0,0.0,0.0,0.0,7/5/2020 15:36,,,,,,,,,left_only,,,,,,,,,,,left_only
533,Whitman County,2020-05-10,2.0,0.0,2.0,0.0,0.0,0.0,0.0,7/5/2020 15:36,,,,,,,,,left_only,,,,,,,,,,,left_only
534,Whitman County,2020-05-17,2.0,0.0,2.0,0.0,0.0,0.0,0.0,7/5/2020 15:36,,,,,,,,,left_only,,,,,,,,,,,left_only
535,Whitman County,2020-05-31,6.0,2.0,2.0,1.0,1.0,0.0,0.0,7/5/2020 15:36,,,,,,,,,left_only,,,,,,,,,,,left_only
536,Whitman County,2020-06-07,2.0,1.0,1.0,0.0,0.0,0.0,0.0,7/5/2020 15:36,,,,,,,,,left_only,,,,,,,,,,,left_only
537,Whitman County,2020-06-14,4.0,0.0,1.0,3.0,0.0,0.0,0.0,7/5/2020 15:36,,,,,,,,,left_only,,,,,,,,,,,left_only
538,Whitman County,2020-06-21,5.0,0.0,2.0,1.0,2.0,0.0,0.0,7/5/2020 15:36,,,,,,,,,left_only,Whitman County,2020-06-21,1.0,0.0,0.0,1.0,0.0,0.0,0.0,2020/07/05 15:36:42,both
539,Whitman County,2020-06-28,2.0,0.0,1.0,1.0,0.0,0.0,0.0,7/5/2020 15:36,,,,,,,,,left_only,,,,,,,,,,,left_only
540,Yakima County,2020-01-16,1.0,0.0,1.0,0.0,0.0,0.0,0.0,7/5/2020 15:36,,,,,,,,,left_only,,,,,,,,,,,left_only
541,Yakima County,2020-02-09,3.0,0.0,1.0,1.0,1.0,0.0,0.0,7/5/2020 15:36,,,,,,,,,left_only,,,,,,,,,,,left_only
542,Yakima County,2020-02-16,2.0,0.0,0.0,2.0,0.0,0.0,0.0,7/5/2020 15:36,,,,,,,,,left_only,,,,,,,,,,,left_only
543,Yakima County,2020-03-01,14.0,0.0,0.0,4.0,9.0,1.0,0.0,7/5/2020 15:36,,,,,,,,,left_only,,,,,,,,,,,left_only
544,Yakima County,2020-03-08,22.0,1.0,10.0,6.0,5.0,0.0,0.0,7/5/2020 15:36,1.0,0.0,0.0,0.0,1.0,0.0,0.0,2020/07/05 15:36:42,both,,,,,,,,,,,left_only
545,Yakima County,2020-03-15,74.0,3.0,32.0,23.0,12.0,4.0,0.0,7/5/2020 15:36,2.0,0.0,1.0,0.0,0.0,1.0,0.0,2020/07/05 15:36:42,both,Yakima County,2020-03-15,5.0,0.0,1.0,0.0,3.0,1.0,0.0,2020/07/05 15:36:42,both
546,Yakima County,2020-03-22,157.0,2.0,41.0,55.0,37.0,21.0,1.0,7/5/2020 15:36,19.0,0.0,0.0,1.0,5.0,13.0,0.0,2020/07/05 15:36:42,both,Yakima County,2020-03-22,15.0,0.0,3.0,6.0,5.0,1.0,0.0,2020/07/05 15:36:42,both
547,Yakima County,2020-03-29,234.0,16.0,61.0,75.0,62.0,20.0,0.0,7/5/2020 15:36,13.0,0.0,0.0,2.0,7.0,4.0,0.0,2020/07/05 15:36:42,both,Yakima County,2020-03-29,27.0,2.0,0.0,6.0,13.0,6.0,0.0,2020/07/05 15:36:42,both
548,Yakima County,2020-04-05,239.0,14.0,81.0,81.0,49.0,14.0,0.0,7/5/2020 15:36,17.0,0.0,0.0,3.0,8.0,6.0,0.0,2020/07/05 15:36:42,both,Yakima County,2020-04-05,32.0,0.0,5.0,12.0,12.0,3.0,0.0,2020/07/05 15:36:42,both
549,Yakima County,2020-04-12,242.0,29.0,88.0,71.0,40.0,14.0,0.0,7/5/2020 15:36,10.0,0.0,0.0,2.0,5.0,3.0,0.0,2020/07/05 15:36:42,both,Yakima County,2020-04-12,16.0,0.0,3.0,5.0,6.0,2.0,0.0,2020/07/05 15:36:42,both
550,Yakima County,2020-04-19,288.0,22.0,103.0,104.0,43.0,16.0,0.0,7/5/2020 15:36,10.0,0.0,0.0,0.0,4.0,6.0,0.0,2020/07/05 15:36:42,both,Yakima County,2020-04-19,28.0,0.0,3.0,8.0,16.0,1.0,0.0,2020/07/05 15:36:42,both
551,Yakima County,2020-04-26,406.0,38.0,140.0,136.0,58.0,33.0,1.0,7/5/2020 15:36,15.0,0.0,1.0,0.0,7.0,7.0,0.0,2020/07/05 15:36:42,both,Yakima County,2020-04-26,24.0,0.0,3.0,8.0,9.0,4.0,0.0,2020/07/05 15:36:42,both
552,Yakima County,2020-05-03,525.0,58.0,206.0,168.0,59.0,34.0,0.0,7/5/2020 15:36,14.0,0.0,0.0,1.0,5.0,8.0,0.0,2020/07/05 15:36:42,both,Yakima County,2020-05-03,30.0,0.0,5.0,13.0,9.0,3.0,0.0,2020/07/05 15:36:42,both
553,Yakima County,2020-05-10,648.0,71.0,277.0,213.0,73.0,14.0,0.0,7/5/2020 15:36,11.0,0.0,0.0,3.0,5.0,3.0,0.0,2020/07/05 15:36:42,both,Yakima County,2020-05-10,31.0,1.0,7.0,6.0,8.0,9.0,0.0,2020/07/05 15:36:42,both
554,Yakima County,2020-05-17,680.0,85.0,299.0,202.0,84.0,10.0,0.0,7/5/2020 15:36,6.0,0.0,0.0,2.0,4.0,0.0,0.0,2020/07/05 15:36:42,both,Yakima County,2020-05-17,48.0,1.0,8.0,19.0,17.0,3.0,0.0,2020/07/05 15:36:42,both
555,Yakima County,2020-05-24,758.0,95.0,324.0,228.0,104.0,7.0,0.0,7/5/2020 15:36,8.0,0.0,0.0,2.0,4.0,2.0,0.0,2020/07/05 15:36:42,both,Yakima County,2020-05-24,61.0,1.0,9.0,22.0,24.0,5.0,0.0,2020/07/05 15:36:42,both
556,Yakima County,2020-05-31,917.0,132.0,409.0,274.0,87.0,15.0,0.0,7/5/2020 15:36,7.0,0.0,1.0,1.0,3.0,2.0,0.0,2020/07/05 15:36:42,both,Yakima County,2020-05-31,39.0,0.0,10.0,10.0,16.0,3.0,0.0,2020/07/05 15:36:42,both
557,Yakima County,2020-06-07,788.0,112.0,321.0,221.0,94.0,40.0,0.0,7/5/2020 15:36,19.0,0.0,0.0,4.0,5.0,10.0,0.0,2020/07/05 15:36:42,both,Yakima County,2020-06-07,58.0,0.0,13.0,22.0,19.0,4.0,0.0,2020/07/05 15:36:42,both
558,Yakima County,2020-06-14,744.0,130.0,318.0,189.0,86.0,21.0,0.0,7/5/2020 15:36,5.0,0.0,0.0,1.0,3.0,1.0,0.0,2020/07/05 15:36:42,both,Yakima County,2020-06-14,52.0,1.0,8.0,13.0,20.0,10.0,0.0,2020/07/05 15:36:42,both
559,Yakima County,2020-06-21,525.0,87.0,225.0,124.0,49.0,40.0,0.0,7/5/2020 15:36,3.0,0.0,0.0,0.0,0.0,3.0,0.0,2020/07/05 15:36:42,both,Yakima County,2020-06-21,45.0,0.0,5.0,14.0,18.0,8.0,0.0,2020/07/05 15:36:42,both
560,Yakima County,2020-06-28,222.0,33.0,88.0,59.0,19.0,23.0,0.0,7/5/2020 15:36,,,,,,,,,left_only,Yakima County,2020-06-28,21.0,1.0,1.0,4.0,7.0,8.0,0.0,2020/07/05 15:36:42,both
561,Unassigned,2020-04-12,1.0,0.0,0.0,0.0,1.0,0.0,0.0,7/5/2020 15:36,,,,,,,,,left_only,,,,,,,,,,,left_only
562,Unassigned,2020-04-19,1.0,0.0,0.0,1.0,0.0,0.0,0.0,7/5/2020 15:36,,,,,,,,,left_only,,,,,,,,,,,left_only
563,Unassigned,2020-05-10,1.0,0.0,0.0,1.0,0.0,0.0,0.0,7/5/2020 15:36,,,,,,,,,left_only,,,,,,,,,,,left_only
564,Unassigned,2020-05-17,7.0,0.0,3.0,4.0,0.0,0.0,0.0,7/5/2020 15:36,,,,,,,,,left_only,Unassigned,2020-05-17,1.0,0.0,0.0,1.0,0.0,0.0,0.0,2020/07/05 15:36:42,both
565,Unassigned,2020-05-24,5.0,0.0,3.0,2.0,0.0,0.0,0.0,7/5/2020 15:36,,,,,,,,,left_only,,,,,,,,,,,left_only
566,Unassigned,2020-05-31,3.0,1.0,1.0,0.0,0.0,0.0,1.0,7/5/2020 15:36,,,,,,,,,left_only,,,,,,,,,,,left_only
567,Unassigned,2020-06-07,5.0,1.0,1.0,3.0,0.0,0.0,0.0,7/5/2020 15:36,,,,,,,,,left_only,,,,,,,,,,,left_only
568,Unassigned,2020-06-14,9.0,0.0,7.0,1.0,0.0,0.0,1.0,7/5/2020 15:36,,,,,,,,,left_only,,,,,,,,,,,left_only
569,Unassigned,2020-06-21,27.0,2.0,12.0,8.0,5.0,0.0,0.0,7/5/2020 15:36,,,,,,,,,left_only,,,,,,,,,,,left_only
570,Unassigned,2020-06-28,81.0,7.0,40.0,25.0,7.0,2.0,0.0,7/5/2020 15:36,,,,,,,,,left_only,Unassigned,2020-06-28,1.0,1.0,0.0,0.0,0.0,0.0,0.0,2020/07/05 15:36:42,both
571,,,,,,,,,,,,,,,,,,,,Benton County,2020-02-23,1.0,0.0,0.0,0.0,1.0,0.0,0.0,2020/07/05 15:36:42,right_only
572,,,,,,,,,,,,,,,,,,,,Columbia County,2020-06-21,2.0,1.0,0.0,1.0,0.0,0.0,0.0,2020/07/05 15:36:42,right_only
573,,,,,,,,,,,,,,,,,,,,Grays Harbor County,2020-05-10,1.0,0.0,0.0,0.0,1.0,0.0,0.0,2020/07/05 15:36:42,right_only
574,,,,,,,,,,,,,,,,,,,,Island County,2020-02-17,1.0,0.0,0.0,0.0,0.0,1.0,0.0,2020/07/05 15:36:42,right_only
575,,,,,,,,,,,,,,,,,,,,Jefferson County,2020-05-03,1.0,0.0,0.0,0.0,0.0,1.0,0.0,2020/07/05 15:36:42,right_only
576,,,,,,,,,,,,,,,,,,,,King County,2020-01-20,1.0,0.0,0.0,0.0,1.0,0.0,0.0,2020/07/05 15:36:42,right_only
577,,,,,,,,,,,,,,,,,,,,King County,2020-01-27,2.0,0.0,0.0,0.0,1.0,1.0,0.0,2020/07/05 15:36:42,right_only
578,,,,,,,,,,,,,,,,,,,,King County,2020-02-04,2.0,0.0,0.0,0.0,2.0,0.0,0.0,2020/07/05 15:36:42,right_only
579,,,,,,,,,,,,,,,,,,,,King County,2020-02-10,8.0,0.0,0.0,1.0,2.0,5.0,0.0,2020/07/05 15:36:42,right_only
580,,,,,,,,,,,,,,,,,,,,King County,2020-02-17,17.0,0.0,2.0,0.0,6.0,9.0,0.0,2020/07/05 15:36:42,right_only
581,,,,,,,,,,,,,,,,,,,,Kitsap County,2020-05-17,1.0,0.0,1.0,0.0,0.0,0.0,0.0,2020/07/05 15:36:42,right_only
582,,,,,,,,,,,,,,,,,,,,Klickitat County,2020-04-12,1.0,0.0,0.0,0.0,1.0,0.0,0.0,2020/07/05 15:36:42,right_only
583,,,,,,,,,,,,,,,,,,,,Lewis County,2020-05-17,1.0,0.0,0.0,1.0,0.0,0.0,0.0,2020/07/05 15:36:42,right_only
584,,,,,,,,,,,,,,,,,,,,Pacific County,2020-06-28,1.0,0.0,1.0,0.0,0.0,0.0,0.0,2020/07/05 15:36:42,right_only
585,,,,,,,,,,,,,,,,,,,,Pierce County,2020-02-17,2.0,0.0,0.0,0.0,2.0,0.0,0.0,2020/07/05 15:36:42,right_only
586,,,,,,,,,,,,,,,,,,,,Skamania County,2020-03-29,1.0,0.0,0.0,0.0,1.0,0.0,0.0,2020/07/05 15:36:42,right_only
587,,,,,,,,,,,,,,,,,,,,Snohomish County,2020-01-12,1.0,0.0,0.0,1.0,0.0,0.0,0.0,2020/07/05 15:36:42,right_only
588,,,,,,,,,,,,,,,,,,,,Snohomish County,2020-01-20,1.0,0.0,1.0,0.0,0.0,0.0,0.0,2020/07/05 15:36:42,right_only
589,,,,,,,,,,,,,,,,,,,,Snohomish County,2020-02-04,2.0,0.0,1.0,0.0,1.0,0.0,0.0,2020/07/05 15:36:42,right_only
590,,,,,,,,,,,,,,,,,,,,Snohomish County,2020-02-10,1.0,0.0,0.0,0.0,0.0,1.0,0.0,2020/07/05 15:36:42,right_only
591,,,,,,,,,,,,,,,,,,,,Stevens County,2020-04-05,1.0,0.0,0.0,0.0,1.0,0.0,0.0,2020/07/05 15:36:42,right_only
592,,,,,,,,,,,,,,,,,,,,Stevens County,2020-04-19,1.0,0.0,0.0,0.0,1.0,0.0,0.0,2020/07/05 15:36:42,right_only
593,,,,,,,,,,,,,,,,,,,,Yakima County,2020-02-04,2.0,0.0,0.0,0.0,0.0,2.0,0.0,2020/07/05 15:36:42,right_only
594,,,,,,,,,,,,,,,,,,,,Yakima County,2020-02-10,1.0,0.0,1.0,0.0,0.0,0.0,0.0,2020/07/05 15:36:42,right_only
595,,,,,,,,,,,,,,,,,,,,Yakima County,2020-02-17,3.0,0.0,0.0,0.0,2.0,1.0,0.0,2020/07/05 15:36:42,right_only
596,,,,,,,,,,,,,,,,,,,,Benton County,Unknown,2.0,0.0,0.0,2.0,0.0,0.0,0.0,2020/07/05 15:36:42,right_only
597,,,,,,,,,,,,,,,,,,,,Chelan County,Unknown,1.0,0.0,0.0,1.0,0.0,0.0,0.0,2020/07/05 15:36:42,right_only
598,,,,,,,,,,,,,,,,,,,,Cowlitz County,Unknown,2.0,0.0,0.0,1.0,1.0,0.0,0.0,2020/07/05 15:36:42,right_only
599,,,,,,,,,,,,,,,,,,,,Douglas County,Unknown,1.0,0.0,1.0,0.0,0.0,0.0,0.0,2020/07/05 15:36:42,right_only
600,,,,,,,,,,,,,,,,,,,,Franklin County,Unknown,7.0,0.0,1.0,3.0,2.0,1.0,0.0,2020/07/05 15:36:42,right_only
601,,,,,,,,,,,,,,,,,,,,Grant County,Unknown,1.0,0.0,0.0,1.0,0.0,0.0,0.0,2020/07/05 15:36:42,right_only
602,,,,,,,,,,,,,,,,,,,,Island County,Unknown,7.0,0.0,1.0,1.0,3.0,2.0,0.0,2020/07/05 15:36:42,right_only
603,,,,,,,,,,,,,,,,,,,,King County,Unknown,13.0,0.0,1.0,6.0,2.0,4.0,0.0,2020/07/05 15:36:42,right_only
604,,,,,,,,,,,,,,,,,,,,Klickitat County,Unknown,2.0,0.0,0.0,1.0,1.0,0.0,0.0,2020/07/05 15:36:42,right_only
605,,,,,,,,,,,,,,,,,,,,Lewis County,Unknown,1.0,0.0,0.0,0.0,0.0,1.0,0.0,2020/07/05 15:36:42,right_only
606,,,,,,,,,,,,,,,,,,,,Pacific County,Unknown,2.0,0.0,0.0,0.0,2.0,0.0,0.0,2020/07/05 15:36:42,right_only
607,,,,,,,,,,,,,,,,,,,,Pierce County,Unknown,27.0,0.0,8.0,10.0,5.0,4.0,0.0,2020/07/05 15:36:42,right_only
608,,,,,,,,,,,,,,,,,,,,Snohomish County,Unknown,1.0,0.0,1.0,0.0,0.0,0.0,0.0,2020/07/05 15:36:42,right_only
609,,,,,,,,,,,,,,,,,,,,Spokane County,Unknown,6.0,1.0,2.0,2.0,1.0,0.0,0.0,2020/07/05 15:36:42,right_only
610,,,,,,,,,,,,,,,,,,,,Thurston County,Unknown,3.0,0.0,0.0,1.0,1.0,1.0,0.0,2020/07/05 15:36:42,right_only
611,,,,,,,,,,,,,,,,,,,,Walla Walla County,Unknown,2.0,0.0,0.0,1.0,1.0,0.0,0.0,2020/07/05 15:36:42,right_only
612,,,,,,,,,,,,,,,,,,,,Whatcom County,Unknown,2.0,0.0,0.0,2.0,0.0,0.0,0.0,2020/07/05 15:36:42,right_only
613,,,,,,,,,,,,,,,,,,,,Yakima County,Unknown,2.0,0.0,0.0,1.0,0.0,1.0,0.0,2020/07/05 15:36:42,right_only
